Training_Region_Cell_ID,D_model1,D_model2,D_dataCat,D_dataFeat,D_kgS0,D_kgS1,D_kgS2,D_kgS3,D_nopredTarget,D_onto,invalid_cell,type,cell-pair(s),family,setID,trial_ID,status,comments
1,1,1,1,1,1,1,1,1,1,1,,,,,,,,
2,1,1,1,1,1,1,1,1,1,2,A,,,,,,,
3,1,1,1,1,1,1,1,1,1,3,A,,,,,,,
4,1,1,1,1,1,1,1,1,2,1,,,,,,,,
5,1,1,1,1,1,1,1,1,2,2,A,,,,,,,
6,1,1,1,1,1,1,1,1,2,3,A,,,,,,,
7,1,1,1,1,1,1,1,1,3,1,,,,,,,,
8,1,1,1,1,1,1,1,1,3,2,A,,,,,,,
9,1,1,1,1,1,1,1,1,3,3,A,,,,,,,
10,1,1,1,1,2,1,1,1,1,1,B,,,,,,,
11,1,1,1,1,2,1,1,1,1,2,,,,,,,,
12,1,1,1,1,2,1,1,1,1,3,,,,,,,,
13,1,1,1,1,2,1,1,1,2,1,B,,,,,,,
14,1,1,1,1,2,1,1,1,2,2,,,,,,,,
15,1,1,1,1,2,1,1,1,2,3,,,,,,,,
16,1,1,1,1,2,1,1,1,3,1,B,,,,,,,
17,1,1,1,1,2,1,1,1,3,2,,,,,,,,
18,1,1,1,1,2,1,1,1,3,3,,,,,,,,
19,1,1,1,1,3,1,1,1,1,1,B,,,,,,,
20,1,1,1,1,3,1,1,1,1,2,,,,,,,,
21,1,1,1,1,3,1,1,1,1,3,,,,,,,,
22,1,1,1,1,3,1,1,1,2,1,B,,,,,,,
23,1,1,1,1,3,1,1,1,2,2,,,,,,,,
24,1,1,1,1,3,1,1,1,2,3,,,,,,,,
25,1,1,1,1,3,1,1,1,3,1,B,,,,,,,
26,1,1,1,1,3,1,1,1,3,2,,,,,,,,
27,1,1,1,1,3,1,1,1,3,3,,,,,,,,
28,1,1,1,2,1,1,1,1,1,1,,T,352,nnkgs0,1,3,A,
29,1,1,1,2,1,1,1,1,1,2,A,,,,,,,
30,1,1,1,2,1,1,1,1,1,3,A,,,,,,,
31,1,1,1,2,1,1,1,1,2,1,,,,,,,,
32,1,1,1,2,1,1,1,1,2,2,A,,,,,,,
33,1,1,1,2,1,1,1,1,2,3,A,,,,,,,
34,1,1,1,2,1,1,1,1,3,1,,,,,,,,
35,1,1,1,2,1,1,1,1,3,2,A,,,,,,,
36,1,1,1,2,1,1,1,1,3,3,A,,,,,,,
37,1,1,1,2,2,1,1,1,1,1,B,,,,,,,
38,1,1,1,2,2,1,1,1,1,2,,,,,,,,
39,1,1,1,2,2,1,1,1,1,3,,,,,,,,
40,1,1,1,2,2,1,1,1,2,1,B,,,,,,,
41,1,1,1,2,2,1,1,1,2,2,,,,,,,,
42,1,1,1,2,2,1,1,1,2,3,,,,,,,,
43,1,1,1,2,2,1,1,1,3,1,B,,,,,,,
44,1,1,1,2,2,1,1,1,3,2,,,,,,,,
45,1,1,1,2,2,1,1,1,3,3,,,,,,,,
46,1,1,1,2,3,1,1,1,1,1,B,,,,,,,
47,1,1,1,2,3,1,1,1,1,2,,,,,,,,
48,1,1,1,2,3,1,1,1,1,3,,,,,,,,
49,1,1,1,2,3,1,1,1,2,1,B,,,,,,,
50,1,1,1,2,3,1,1,1,2,2,,,,,,,,
51,1,1,1,2,3,1,1,1,2,3,,,,,,,,
52,1,1,1,2,3,1,1,1,3,1,B,,,,,,,
53,1,1,1,2,3,1,1,1,3,2,,,,,,,,
54,1,1,1,2,3,1,1,1,3,3,,,,,,,,
55,1,1,1,3,1,1,1,1,1,1,,,,,,,,
56,1,1,1,3,1,1,1,1,1,2,A,,,,,,,
57,1,1,1,3,1,1,1,1,1,3,A,,,,,,,
58,1,1,1,3,1,1,1,1,2,1,,,,,,,,
59,1,1,1,3,1,1,1,1,2,2,A,,,,,,,
60,1,1,1,3,1,1,1,1,2,3,A,,,,,,,
61,1,1,1,3,1,1,1,1,3,1,,,,,,,,
62,1,1,1,3,1,1,1,1,3,2,A,,,,,,,
63,1,1,1,3,1,1,1,1,3,3,A,,,,,,,
64,1,1,1,3,2,1,1,1,1,1,B,,,,,,,
65,1,1,1,3,2,1,1,1,1,2,,,,,,,,
66,1,1,1,3,2,1,1,1,1,3,,,,,,,,
67,1,1,1,3,2,1,1,1,2,1,B,,,,,,,
68,1,1,1,3,2,1,1,1,2,2,,,,,,,,
69,1,1,1,3,2,1,1,1,2,3,,,,,,,,
70,1,1,1,3,2,1,1,1,3,1,B,,,,,,,
71,1,1,1,3,2,1,1,1,3,2,,,,,,,,
72,1,1,1,3,2,1,1,1,3,3,,,,,,,,
73,1,1,1,3,3,1,1,1,1,1,B,,,,,,,
74,1,1,1,3,3,1,1,1,1,2,,,,,,,,
75,1,1,1,3,3,1,1,1,1,3,,,,,,,,
76,1,1,1,3,3,1,1,1,2,1,B,,,,,,,
77,1,1,1,3,3,1,1,1,2,2,,,,,,,,
78,1,1,1,3,3,1,1,1,2,3,,,,,,,,
79,1,1,1,3,3,1,1,1,3,1,B,,,,,,,
80,1,1,1,3,3,1,1,1,3,2,,,,,,,,
81,1,1,1,3,3,1,1,1,3,3,,,,,,,,
82,1,1,1,4,1,1,1,1,1,1,,,,,,,,
83,1,1,1,4,1,1,1,1,1,2,A,,,,,,,
84,1,1,1,4,1,1,1,1,1,3,A,,,,,,,
85,1,1,1,4,1,1,1,1,2,1,,,,,,,,
86,1,1,1,4,1,1,1,1,2,2,A,,,,,,,
87,1,1,1,4,1,1,1,1,2,3,A,,,,,,,
88,1,1,1,4,1,1,1,1,3,1,,,,,,,,
89,1,1,1,4,1,1,1,1,3,2,A,,,,,,,
90,1,1,1,4,1,1,1,1,3,3,A,,,,,,,
91,1,1,1,4,2,1,1,1,1,1,B,,,,,,,
92,1,1,1,4,2,1,1,1,1,2,,,,,,,,
93,1,1,1,4,2,1,1,1,1,3,,,,,,,,
94,1,1,1,4,2,1,1,1,2,1,B,,,,,,,
95,1,1,1,4,2,1,1,1,2,2,,,,,,,,
96,1,1,1,4,2,1,1,1,2,3,,,,,,,,
97,1,1,1,4,2,1,1,1,3,1,B,,,,,,,
98,1,1,1,4,2,1,1,1,3,2,,,,,,,,
99,1,1,1,4,2,1,1,1,3,3,,,,,,,,
100,1,1,1,4,3,1,1,1,1,1,B,,,,,,,
101,1,1,1,4,3,1,1,1,1,2,,,,,,,,
102,1,1,1,4,3,1,1,1,1,3,,,,,,,,
103,1,1,1,4,3,1,1,1,2,1,B,,,,,,,
104,1,1,1,4,3,1,1,1,2,2,,,,,,,,
105,1,1,1,4,3,1,1,1,2,3,,,,,,,,
106,1,1,1,4,3,1,1,1,3,1,B,,,,,,,
107,1,1,1,4,3,1,1,1,3,2,,,,,,,,
108,1,1,1,4,3,1,1,1,3,3,,,,,,,,
109,1,1,2,1,1,1,1,1,1,1,,,,,,,,
110,1,1,2,1,1,1,1,1,1,2,A,,,,,,,
111,1,1,2,1,1,1,1,1,1,3,A,,,,,,,
112,1,1,2,1,1,1,1,1,2,1,,,,,,,,
113,1,1,2,1,1,1,1,1,2,2,A,,,,,,,
114,1,1,2,1,1,1,1,1,2,3,A,,,,,,,
115,1,1,2,1,1,1,1,1,3,1,,,,,,,,
116,1,1,2,1,1,1,1,1,3,2,A,,,,,,,
117,1,1,2,1,1,1,1,1,3,3,A,,,,,,,
118,1,1,2,1,2,1,1,1,1,1,B,,,,,,,
119,1,1,2,1,2,1,1,1,1,2,,,,,,,,
120,1,1,2,1,2,1,1,1,1,3,,,,,,,,
121,1,1,2,1,2,1,1,1,2,1,B,,,,,,,
122,1,1,2,1,2,1,1,1,2,2,,,,,,,,
123,1,1,2,1,2,1,1,1,2,3,,,,,,,,
124,1,1,2,1,2,1,1,1,3,1,B,,,,,,,
125,1,1,2,1,2,1,1,1,3,2,,,,,,,,
126,1,1,2,1,2,1,1,1,3,3,,,,,,,,
127,1,1,2,1,3,1,1,1,1,1,B,,,,,,,
128,1,1,2,1,3,1,1,1,1,2,,,,,,,,
129,1,1,2,1,3,1,1,1,1,3,,,,,,,,
130,1,1,2,1,3,1,1,1,2,1,B,,,,,,,
131,1,1,2,1,3,1,1,1,2,2,,,,,,,,
132,1,1,2,1,3,1,1,1,2,3,,,,,,,,
133,1,1,2,1,3,1,1,1,3,1,B,,,,,,,
134,1,1,2,1,3,1,1,1,3,2,,,,,,,,
135,1,1,2,1,3,1,1,1,3,3,,,,,,,,
136,1,1,2,2,1,1,1,1,1,1,,T,460,nnkgs0,1,3,A,
137,1,1,2,2,1,1,1,1,1,2,A,,,,,,,
138,1,1,2,2,1,1,1,1,1,3,A,,,,,,,
139,1,1,2,2,1,1,1,1,2,1,,,,,,,,
140,1,1,2,2,1,1,1,1,2,2,A,,,,,,,
141,1,1,2,2,1,1,1,1,2,3,A,,,,,,,
142,1,1,2,2,1,1,1,1,3,1,,,,,,,,
143,1,1,2,2,1,1,1,1,3,2,A,,,,,,,
144,1,1,2,2,1,1,1,1,3,3,A,,,,,,,
145,1,1,2,2,2,1,1,1,1,1,B,,,,,,,
146,1,1,2,2,2,1,1,1,1,2,,,,,,,,
147,1,1,2,2,2,1,1,1,1,3,,,,,,,,
148,1,1,2,2,2,1,1,1,2,1,B,,,,,,,
149,1,1,2,2,2,1,1,1,2,2,,,,,,,,
150,1,1,2,2,2,1,1,1,2,3,,,,,,,,
151,1,1,2,2,2,1,1,1,3,1,B,,,,,,,
152,1,1,2,2,2,1,1,1,3,2,,,,,,,,
153,1,1,2,2,2,1,1,1,3,3,,,,,,,,
154,1,1,2,2,3,1,1,1,1,1,B,,,,,,,
155,1,1,2,2,3,1,1,1,1,2,,,,,,,,
156,1,1,2,2,3,1,1,1,1,3,,,,,,,,
157,1,1,2,2,3,1,1,1,2,1,B,,,,,,,
158,1,1,2,2,3,1,1,1,2,2,,,,,,,,
159,1,1,2,2,3,1,1,1,2,3,,,,,,,,
160,1,1,2,2,3,1,1,1,3,1,B,,,,,,,
161,1,1,2,2,3,1,1,1,3,2,,,,,,,,
162,1,1,2,2,3,1,1,1,3,3,,,,,,,,
163,1,1,2,3,1,1,1,1,1,1,,,,,,,,
164,1,1,2,3,1,1,1,1,1,2,A,,,,,,,
165,1,1,2,3,1,1,1,1,1,3,A,,,,,,,
166,1,1,2,3,1,1,1,1,2,1,,,,,,,,
167,1,1,2,3,1,1,1,1,2,2,A,,,,,,,
168,1,1,2,3,1,1,1,1,2,3,A,,,,,,,
169,1,1,2,3,1,1,1,1,3,1,,,,,,,,
170,1,1,2,3,1,1,1,1,3,2,A,,,,,,,
171,1,1,2,3,1,1,1,1,3,3,A,,,,,,,
172,1,1,2,3,2,1,1,1,1,1,B,,,,,,,
173,1,1,2,3,2,1,1,1,1,2,,,,,,,,
174,1,1,2,3,2,1,1,1,1,3,,,,,,,,
175,1,1,2,3,2,1,1,1,2,1,B,,,,,,,
176,1,1,2,3,2,1,1,1,2,2,,,,,,,,
177,1,1,2,3,2,1,1,1,2,3,,,,,,,,
178,1,1,2,3,2,1,1,1,3,1,B,,,,,,,
179,1,1,2,3,2,1,1,1,3,2,,,,,,,,
180,1,1,2,3,2,1,1,1,3,3,,,,,,,,
181,1,1,2,3,3,1,1,1,1,1,B,,,,,,,
182,1,1,2,3,3,1,1,1,1,2,,,,,,,,
183,1,1,2,3,3,1,1,1,1,3,,,,,,,,
184,1,1,2,3,3,1,1,1,2,1,B,,,,,,,
185,1,1,2,3,3,1,1,1,2,2,,,,,,,,
186,1,1,2,3,3,1,1,1,2,3,,,,,,,,
187,1,1,2,3,3,1,1,1,3,1,B,,,,,,,
188,1,1,2,3,3,1,1,1,3,2,,,,,,,,
189,1,1,2,3,3,1,1,1,3,3,,,,,,,,
190,1,1,2,4,1,1,1,1,1,1,,,,,,,,
191,1,1,2,4,1,1,1,1,1,2,A,,,,,,,
192,1,1,2,4,1,1,1,1,1,3,A,,,,,,,
193,1,1,2,4,1,1,1,1,2,1,,,,,,,,
194,1,1,2,4,1,1,1,1,2,2,A,,,,,,,
195,1,1,2,4,1,1,1,1,2,3,A,,,,,,,
196,1,1,2,4,1,1,1,1,3,1,,,,,,,,
197,1,1,2,4,1,1,1,1,3,2,A,,,,,,,
198,1,1,2,4,1,1,1,1,3,3,A,,,,,,,
199,1,1,2,4,2,1,1,1,1,1,B,,,,,,,
200,1,1,2,4,2,1,1,1,1,2,,,,,,,,
201,1,1,2,4,2,1,1,1,1,3,,,,,,,,
202,1,1,2,4,2,1,1,1,2,1,B,,,,,,,
203,1,1,2,4,2,1,1,1,2,2,,,,,,,,
204,1,1,2,4,2,1,1,1,2,3,,,,,,,,
205,1,1,2,4,2,1,1,1,3,1,B,,,,,,,
206,1,1,2,4,2,1,1,1,3,2,,,,,,,,
207,1,1,2,4,2,1,1,1,3,3,,,,,,,,
208,1,1,2,4,3,1,1,1,1,1,B,,,,,,,
209,1,1,2,4,3,1,1,1,1,2,,,,,,,,
210,1,1,2,4,3,1,1,1,1,3,,,,,,,,
211,1,1,2,4,3,1,1,1,2,1,B,,,,,,,
212,1,1,2,4,3,1,1,1,2,2,,,,,,,,
213,1,1,2,4,3,1,1,1,2,3,,,,,,,,
214,1,1,2,4,3,1,1,1,3,1,B,,,,,,,
215,1,1,2,4,3,1,1,1,3,2,,,,,,,,
216,1,1,2,4,3,1,1,1,3,3,,,,,,,,
217,1,1,3,1,1,1,1,1,1,1,C,,,,,,,
218,1,1,3,1,1,1,1,1,1,2,,,,,,,,
219,1,1,3,1,1,1,1,1,1,3,,,,,,,,
220,1,1,3,1,1,1,1,1,2,1,C,,,,,,,
221,1,1,3,1,1,1,1,1,2,2,,,,,,,,
222,1,1,3,1,1,1,1,1,2,3,,,,,,,,
223,1,1,3,1,1,1,1,1,3,1,C,,,,,,,
224,1,1,3,1,1,1,1,1,3,2,,,,,,,,
225,1,1,3,1,1,1,1,1,3,3,,,,,,,,
226,1,1,3,1,2,1,1,1,1,1,D,,,,,,,
227,1,1,3,1,2,1,1,1,1,2,,,,,,,,
228,1,1,3,1,2,1,1,1,1,3,,,,,,,,
229,1,1,3,1,2,1,1,1,2,1,D,,,,,,,
230,1,1,3,1,2,1,1,1,2,2,,,,,,,,
231,1,1,3,1,2,1,1,1,2,3,,,,,,,,
232,1,1,3,1,2,1,1,1,3,1,D,,,,,,,
233,1,1,3,1,2,1,1,1,3,2,,,,,,,,
234,1,1,3,1,2,1,1,1,3,3,,,,,,,,
235,1,1,3,1,3,1,1,1,1,1,D,,,,,,,
236,1,1,3,1,3,1,1,1,1,2,,,,,,,,
237,1,1,3,1,3,1,1,1,1,3,,,,,,,,
238,1,1,3,1,3,1,1,1,2,1,D,,,,,,,
239,1,1,3,1,3,1,1,1,2,2,,,,,,,,
240,1,1,3,1,3,1,1,1,2,3,,,,,,,,
241,1,1,3,1,3,1,1,1,3,1,D,,,,,,,
242,1,1,3,1,3,1,1,1,3,2,,,,,,,,
243,1,1,3,1,3,1,1,1,3,3,,,,,,,,
244,1,1,3,2,1,1,1,1,1,1,C,,,,,,,
245,1,1,3,2,1,1,1,1,1,2,,,,,,,,
246,1,1,3,2,1,1,1,1,1,3,,,,,,,,
247,1,1,3,2,1,1,1,1,2,1,C,,,,,,,
248,1,1,3,2,1,1,1,1,2,2,,,,,,,,
249,1,1,3,2,1,1,1,1,2,3,,,,,,,,
250,1,1,3,2,1,1,1,1,3,1,C,,,,,,,
251,1,1,3,2,1,1,1,1,3,2,,,,,,,,
252,1,1,3,2,1,1,1,1,3,3,,,,,,,,
253,1,1,3,2,2,1,1,1,1,1,D,,,,,,,
254,1,1,3,2,2,1,1,1,1,2,,,,,,,,
255,1,1,3,2,2,1,1,1,1,3,,,,,,,,
256,1,1,3,2,2,1,1,1,2,1,D,,,,,,,
257,1,1,3,2,2,1,1,1,2,2,,,,,,,,
258,1,1,3,2,2,1,1,1,2,3,,,,,,,,
259,1,1,3,2,2,1,1,1,3,1,D,,,,,,,
260,1,1,3,2,2,1,1,1,3,2,,,,,,,,
261,1,1,3,2,2,1,1,1,3,3,,,,,,,,
262,1,1,3,2,3,1,1,1,1,1,D,,,,,,,
263,1,1,3,2,3,1,1,1,1,2,,,,,,,,
264,1,1,3,2,3,1,1,1,1,3,,,,,,,,
265,1,1,3,2,3,1,1,1,2,1,D,,,,,,,
266,1,1,3,2,3,1,1,1,2,2,,,,,,,,
267,1,1,3,2,3,1,1,1,2,3,,,,,,,,
268,1,1,3,2,3,1,1,1,3,1,D,,,,,,,
269,1,1,3,2,3,1,1,1,3,2,,,,,,,,
270,1,1,3,2,3,1,1,1,3,3,,,,,,,,
271,1,1,3,3,1,1,1,1,1,1,C,,,,,,,
272,1,1,3,3,1,1,1,1,1,2,,,,,,,,
273,1,1,3,3,1,1,1,1,1,3,,,,,,,,
274,1,1,3,3,1,1,1,1,2,1,C,,,,,,,
275,1,1,3,3,1,1,1,1,2,2,,,,,,,,
276,1,1,3,3,1,1,1,1,2,3,,,,,,,,
277,1,1,3,3,1,1,1,1,3,1,C,,,,,,,
278,1,1,3,3,1,1,1,1,3,2,,,,,,,,
279,1,1,3,3,1,1,1,1,3,3,,,,,,,,
280,1,1,3,3,2,1,1,1,1,1,D,,,,,,,
281,1,1,3,3,2,1,1,1,1,2,,,,,,,,
282,1,1,3,3,2,1,1,1,1,3,,,,,,,,
283,1,1,3,3,2,1,1,1,2,1,D,,,,,,,
284,1,1,3,3,2,1,1,1,2,2,,,,,,,,
285,1,1,3,3,2,1,1,1,2,3,,,,,,,,
286,1,1,3,3,2,1,1,1,3,1,D,,,,,,,
287,1,1,3,3,2,1,1,1,3,2,,,,,,,,
288,1,1,3,3,2,1,1,1,3,3,,,,,,,,
289,1,1,3,3,3,1,1,1,1,1,D,,,,,,,
290,1,1,3,3,3,1,1,1,1,2,,,,,,,,
291,1,1,3,3,3,1,1,1,1,3,,,,,,,,
292,1,1,3,3,3,1,1,1,2,1,D,,,,,,,
293,1,1,3,3,3,1,1,1,2,2,,,,,,,,
294,1,1,3,3,3,1,1,1,2,3,,,,,,,,
295,1,1,3,3,3,1,1,1,3,1,D,,,,,,,
296,1,1,3,3,3,1,1,1,3,2,,,,,,,,
297,1,1,3,3,3,1,1,1,3,3,,,,,,,,
298,1,1,3,4,1,1,1,1,1,1,C,,,,,,,
299,1,1,3,4,1,1,1,1,1,2,,,,,,,,
300,1,1,3,4,1,1,1,1,1,3,,,,,,,,
301,1,1,3,4,1,1,1,1,2,1,C,,,,,,,
302,1,1,3,4,1,1,1,1,2,2,,,,,,,,
303,1,1,3,4,1,1,1,1,2,3,,,,,,,,
304,1,1,3,4,1,1,1,1,3,1,C,,,,,,,
305,1,1,3,4,1,1,1,1,3,2,,,,,,,,
306,1,1,3,4,1,1,1,1,3,3,,,,,,,,
307,1,1,3,4,2,1,1,1,1,1,D,,,,,,,
308,1,1,3,4,2,1,1,1,1,2,,,,,,,,
309,1,1,3,4,2,1,1,1,1,3,,,,,,,,
310,1,1,3,4,2,1,1,1,2,1,D,,,,,,,
311,1,1,3,4,2,1,1,1,2,2,,,,,,,,
312,1,1,3,4,2,1,1,1,2,3,,,,,,,,
313,1,1,3,4,2,1,1,1,3,1,D,,,,,,,
314,1,1,3,4,2,1,1,1,3,2,,,,,,,,
315,1,1,3,4,2,1,1,1,3,3,,,,,,,,
316,1,1,3,4,3,1,1,1,1,1,D,,,,,,,
317,1,1,3,4,3,1,1,1,1,2,,,,,,,,
318,1,1,3,4,3,1,1,1,1,3,,,,,,,,
319,1,1,3,4,3,1,1,1,2,1,D,,,,,,,
320,1,1,3,4,3,1,1,1,2,2,,,,,,,,
321,1,1,3,4,3,1,1,1,2,3,,,,,,,,
322,1,1,3,4,3,1,1,1,3,1,D,,,,,,,
323,1,1,3,4,3,1,1,1,3,2,,,,,,,,
324,1,1,3,4,3,1,1,1,3,3,,,,,,,,
325,1,2,1,1,1,1,1,1,1,1,,,,,,,,
326,1,2,1,1,1,1,1,1,1,2,A,,,,,,,
327,1,2,1,1,1,1,1,1,1,3,A,,,,,,,
328,1,2,1,1,1,1,1,1,2,1,,,,,,,,
329,1,2,1,1,1,1,1,1,2,2,A,,,,,,,
330,1,2,1,1,1,1,1,1,2,3,A,,,,,,,
331,1,2,1,1,1,1,1,1,3,1,,,,,,,,
332,1,2,1,1,1,1,1,1,3,2,A,,,,,,,
333,1,2,1,1,1,1,1,1,3,3,A,,,,,,,
334,1,2,1,1,2,1,1,1,1,1,B,,,,,,,
335,1,2,1,1,2,1,1,1,1,2,,,,,,,,
336,1,2,1,1,2,1,1,1,1,3,,,,,,,,
337,1,2,1,1,2,1,1,1,2,1,B,,,,,,,
338,1,2,1,1,2,1,1,1,2,2,,,,,,,,
339,1,2,1,1,2,1,1,1,2,3,,,,,,,,
340,1,2,1,1,2,1,1,1,3,1,B,,,,,,,
341,1,2,1,1,2,1,1,1,3,2,,,,,,,,
342,1,2,1,1,2,1,1,1,3,3,,,,,,,,
343,1,2,1,1,3,1,1,1,1,1,B,,,,,,,
344,1,2,1,1,3,1,1,1,1,2,,,,,,,,
345,1,2,1,1,3,1,1,1,1,3,,,,,,,,
346,1,2,1,1,3,1,1,1,2,1,B,,,,,,,
347,1,2,1,1,3,1,1,1,2,2,,,,,,,,
348,1,2,1,1,3,1,1,1,2,3,,,,,,,,
349,1,2,1,1,3,1,1,1,3,1,B,,,,,,,
350,1,2,1,1,3,1,1,1,3,2,,,,,,,,
351,1,2,1,1,3,1,1,1,3,3,,,,,,,,
352,1,2,1,2,1,1,1,1,1,1,,B,362; 363; 28,nnkgs0,1,2,A,
353,1,2,1,2,1,1,1,1,1,2,A,,,,,,,
354,1,2,1,2,1,1,1,1,1,3,A,,,,,,,
355,1,2,1,2,1,1,1,1,2,1,,,,,,,,
356,1,2,1,2,1,1,1,1,2,2,A,,,,,,,
357,1,2,1,2,1,1,1,1,2,3,A,,,,,,,
358,1,2,1,2,1,1,1,1,3,1,,,,,,,,
359,1,2,1,2,1,1,1,1,3,2,A,,,,,,,
360,1,2,1,2,1,1,1,1,3,3,A,,,,,,,
361,1,2,1,2,2,1,1,1,1,1,B,,,,,,,
362,1,2,1,2,2,1,1,1,1,2,,T,352,nnkgs0,1,2,A,
363,1,2,1,2,2,1,1,1,1,3,,T,352,nnkgs0,1,2,A,
364,1,2,1,2,2,1,1,1,2,1,B,,,,,,,
365,1,2,1,2,2,1,1,1,2,2,,,,,,,,
366,1,2,1,2,2,1,1,1,2,3,,,,,,,,
367,1,2,1,2,2,1,1,1,3,1,B,,,,,,,
368,1,2,1,2,2,1,1,1,3,2,,,,,,,,
369,1,2,1,2,2,1,1,1,3,3,,,,,,,,
370,1,2,1,2,3,1,1,1,1,1,B,,,,,,,
371,1,2,1,2,3,1,1,1,1,2,,,,,,,,
372,1,2,1,2,3,1,1,1,1,3,,,,,,,,
373,1,2,1,2,3,1,1,1,2,1,B,,,,,,,
374,1,2,1,2,3,1,1,1,2,2,,,,,,,,
375,1,2,1,2,3,1,1,1,2,3,,,,,,,,
376,1,2,1,2,3,1,1,1,3,1,B,,,,,,,
377,1,2,1,2,3,1,1,1,3,2,,,,,,,,
378,1,2,1,2,3,1,1,1,3,3,,,,,,,,
379,1,2,1,3,1,1,1,1,1,1,,,,,,,,
380,1,2,1,3,1,1,1,1,1,2,A,,,,,,,
381,1,2,1,3,1,1,1,1,1,3,A,,,,,,,
382,1,2,1,3,1,1,1,1,2,1,,,,,,,,
383,1,2,1,3,1,1,1,1,2,2,A,,,,,,,
384,1,2,1,3,1,1,1,1,2,3,A,,,,,,,
385,1,2,1,3,1,1,1,1,3,1,,,,,,,,
386,1,2,1,3,1,1,1,1,3,2,A,,,,,,,
387,1,2,1,3,1,1,1,1,3,3,A,,,,,,,
388,1,2,1,3,2,1,1,1,1,1,B,,,,,,,
389,1,2,1,3,2,1,1,1,1,2,,,,,,,,
390,1,2,1,3,2,1,1,1,1,3,,,,,,,,
391,1,2,1,3,2,1,1,1,2,1,B,,,,,,,
392,1,2,1,3,2,1,1,1,2,2,,,,,,,,
393,1,2,1,3,2,1,1,1,2,3,,,,,,,,
394,1,2,1,3,2,1,1,1,3,1,B,,,,,,,
395,1,2,1,3,2,1,1,1,3,2,,,,,,,,
396,1,2,1,3,2,1,1,1,3,3,,,,,,,,
397,1,2,1,3,3,1,1,1,1,1,B,,,,,,,
398,1,2,1,3,3,1,1,1,1,2,,,,,,,,
399,1,2,1,3,3,1,1,1,1,3,,,,,,,,
400,1,2,1,3,3,1,1,1,2,1,B,,,,,,,
401,1,2,1,3,3,1,1,1,2,2,,,,,,,,
402,1,2,1,3,3,1,1,1,2,3,,,,,,,,
403,1,2,1,3,3,1,1,1,3,1,B,,,,,,,
404,1,2,1,3,3,1,1,1,3,2,,,,,,,,
405,1,2,1,3,3,1,1,1,3,3,,,,,,,,
406,1,2,1,4,1,1,1,1,1,1,,,,,,,,
407,1,2,1,4,1,1,1,1,1,2,A,,,,,,,
408,1,2,1,4,1,1,1,1,1,3,A,,,,,,,
409,1,2,1,4,1,1,1,1,2,1,,,,,,,,
410,1,2,1,4,1,1,1,1,2,2,A,,,,,,,
411,1,2,1,4,1,1,1,1,2,3,A,,,,,,,
412,1,2,1,4,1,1,1,1,3,1,,,,,,,,
413,1,2,1,4,1,1,1,1,3,2,A,,,,,,,
414,1,2,1,4,1,1,1,1,3,3,A,,,,,,,
415,1,2,1,4,2,1,1,1,1,1,B,,,,,,,
416,1,2,1,4,2,1,1,1,1,2,,,,,,,,
417,1,2,1,4,2,1,1,1,1,3,,,,,,,,
418,1,2,1,4,2,1,1,1,2,1,B,,,,,,,
419,1,2,1,4,2,1,1,1,2,2,,,,,,,,
420,1,2,1,4,2,1,1,1,2,3,,,,,,,,
421,1,2,1,4,2,1,1,1,3,1,B,,,,,,,
422,1,2,1,4,2,1,1,1,3,2,,,,,,,,
423,1,2,1,4,2,1,1,1,3,3,,,,,,,,
424,1,2,1,4,3,1,1,1,1,1,B,,,,,,,
425,1,2,1,4,3,1,1,1,1,2,,,,,,,,
426,1,2,1,4,3,1,1,1,1,3,,,,,,,,
427,1,2,1,4,3,1,1,1,2,1,B,,,,,,,
428,1,2,1,4,3,1,1,1,2,2,,,,,,,,
429,1,2,1,4,3,1,1,1,2,3,,,,,,,,
430,1,2,1,4,3,1,1,1,3,1,B,,,,,,,
431,1,2,1,4,3,1,1,1,3,2,,,,,,,,
432,1,2,1,4,3,1,1,1,3,3,,,,,,,,
433,1,2,2,1,1,1,1,1,1,1,,,,,,,,
434,1,2,2,1,1,1,1,1,1,2,A,,,,,,,
435,1,2,2,1,1,1,1,1,1,3,A,,,,,,,
436,1,2,2,1,1,1,1,1,2,1,,,,,,,,
437,1,2,2,1,1,1,1,1,2,2,A,,,,,,,
438,1,2,2,1,1,1,1,1,2,3,A,,,,,,,
439,1,2,2,1,1,1,1,1,3,1,,,,,,,,
440,1,2,2,1,1,1,1,1,3,2,A,,,,,,,
441,1,2,2,1,1,1,1,1,3,3,A,,,,,,,
442,1,2,2,1,2,1,1,1,1,1,B,,,,,,,
443,1,2,2,1,2,1,1,1,1,2,,,,,,,,
444,1,2,2,1,2,1,1,1,1,3,,,,,,,,
445,1,2,2,1,2,1,1,1,2,1,B,,,,,,,
446,1,2,2,1,2,1,1,1,2,2,,,,,,,,
447,1,2,2,1,2,1,1,1,2,3,,,,,,,,
448,1,2,2,1,2,1,1,1,3,1,B,,,,,,,
449,1,2,2,1,2,1,1,1,3,2,,,,,,,,
450,1,2,2,1,2,1,1,1,3,3,,,,,,,,
451,1,2,2,1,3,1,1,1,1,1,B,,,,,,,
452,1,2,2,1,3,1,1,1,1,2,,,,,,,,
453,1,2,2,1,3,1,1,1,1,3,,,,,,,,
454,1,2,2,1,3,1,1,1,2,1,B,,,,,,,
455,1,2,2,1,3,1,1,1,2,2,,,,,,,,
456,1,2,2,1,3,1,1,1,2,3,,,,,,,,
457,1,2,2,1,3,1,1,1,3,1,B,,,,,,,
458,1,2,2,1,3,1,1,1,3,2,,,,,,,,
459,1,2,2,1,3,1,1,1,3,3,,,,,,,,
460,1,2,2,2,1,1,1,1,1,1,,B,470; 471; 136,nnkgs0,1,2,A,default cell for development and trialling: trc0460
461,1,2,2,2,1,1,1,1,1,2,A,,,,,,,
462,1,2,2,2,1,1,1,1,1,3,A,,,,,,,
463,1,2,2,2,1,1,1,1,2,1,,,,,,,,
464,1,2,2,2,1,1,1,1,2,2,A,,,,,,,
465,1,2,2,2,1,1,1,1,2,3,A,,,,,,,
466,1,2,2,2,1,1,1,1,3,1,,,,,,,,
467,1,2,2,2,1,1,1,1,3,2,A,,,,,,,
468,1,2,2,2,1,1,1,1,3,3,A,,,,,,,
469,1,2,2,2,2,1,1,1,1,1,B,,,,,,,
470,1,2,2,2,2,1,1,1,1,2,,T,460,nnkgs0,1,2,A,"ontology v1_1b (sym, inverseOf, trans)"
471,1,2,2,2,2,1,1,1,1,3,,T,460,nnkgs0,1,2,A,ontology v1_1 (the full ontology)
472,1,2,2,2,2,1,1,1,2,1,B,,,,,,,
473,1,2,2,2,2,1,1,1,2,2,,,,,,,,
474,1,2,2,2,2,1,1,1,2,3,,,,,,,,
475,1,2,2,2,2,1,1,1,3,1,B,,,,,,,
476,1,2,2,2,2,1,1,1,3,2,,,,,,,,
477,1,2,2,2,2,1,1,1,3,3,,,,,,,,
478,1,2,2,2,3,1,1,1,1,1,B,,,,,,,
479,1,2,2,2,3,1,1,1,1,2,,,,,,,,
480,1,2,2,2,3,1,1,1,1,3,,,,,,,,
481,1,2,2,2,3,1,1,1,2,1,B,,,,,,,
482,1,2,2,2,3,1,1,1,2,2,,,,,,,,
483,1,2,2,2,3,1,1,1,2,3,,,,,,,,
484,1,2,2,2,3,1,1,1,3,1,B,,,,,,,
485,1,2,2,2,3,1,1,1,3,2,,,,,,,,
486,1,2,2,2,3,1,1,1,3,3,,,,,,,,
487,1,2,2,3,1,1,1,1,1,1,,,,,,,,
488,1,2,2,3,1,1,1,1,1,2,A,,,,,,,
489,1,2,2,3,1,1,1,1,1,3,A,,,,,,,
490,1,2,2,3,1,1,1,1,2,1,,,,,,,,
491,1,2,2,3,1,1,1,1,2,2,A,,,,,,,
492,1,2,2,3,1,1,1,1,2,3,A,,,,,,,
493,1,2,2,3,1,1,1,1,3,1,,,,,,,,
494,1,2,2,3,1,1,1,1,3,2,A,,,,,,,
495,1,2,2,3,1,1,1,1,3,3,A,,,,,,,
496,1,2,2,3,2,1,1,1,1,1,B,,,,,,,
497,1,2,2,3,2,1,1,1,1,2,,,,,,,,
498,1,2,2,3,2,1,1,1,1,3,,,,,,,,
499,1,2,2,3,2,1,1,1,2,1,B,,,,,,,
500,1,2,2,3,2,1,1,1,2,2,,,,,,,,
501,1,2,2,3,2,1,1,1,2,3,,,,,,,,
502,1,2,2,3,2,1,1,1,3,1,B,,,,,,,
503,1,2,2,3,2,1,1,1,3,2,,,,,,,,
504,1,2,2,3,2,1,1,1,3,3,,,,,,,,
505,1,2,2,3,3,1,1,1,1,1,B,,,,,,,
506,1,2,2,3,3,1,1,1,1,2,,,,,,,,
507,1,2,2,3,3,1,1,1,1,3,,,,,,,,
508,1,2,2,3,3,1,1,1,2,1,B,,,,,,,
509,1,2,2,3,3,1,1,1,2,2,,,,,,,,
510,1,2,2,3,3,1,1,1,2,3,,,,,,,,
511,1,2,2,3,3,1,1,1,3,1,B,,,,,,,
512,1,2,2,3,3,1,1,1,3,2,,,,,,,,
513,1,2,2,3,3,1,1,1,3,3,,,,,,,,
514,1,2,2,4,1,1,1,1,1,1,,,,,,,,
515,1,2,2,4,1,1,1,1,1,2,A,,,,,,,
516,1,2,2,4,1,1,1,1,1,3,A,,,,,,,
517,1,2,2,4,1,1,1,1,2,1,,,,,,,,
518,1,2,2,4,1,1,1,1,2,2,A,,,,,,,
519,1,2,2,4,1,1,1,1,2,3,A,,,,,,,
520,1,2,2,4,1,1,1,1,3,1,,,,,,,,
521,1,2,2,4,1,1,1,1,3,2,A,,,,,,,
522,1,2,2,4,1,1,1,1,3,3,A,,,,,,,
523,1,2,2,4,2,1,1,1,1,1,B,,,,,,,
524,1,2,2,4,2,1,1,1,1,2,,,,,,,,
525,1,2,2,4,2,1,1,1,1,3,,,,,,,,
526,1,2,2,4,2,1,1,1,2,1,B,,,,,,,
527,1,2,2,4,2,1,1,1,2,2,,,,,,,,
528,1,2,2,4,2,1,1,1,2,3,,,,,,,,
529,1,2,2,4,2,1,1,1,3,1,B,,,,,,,
530,1,2,2,4,2,1,1,1,3,2,,,,,,,,
531,1,2,2,4,2,1,1,1,3,3,,,,,,,,
532,1,2,2,4,3,1,1,1,1,1,B,,,,,,,
533,1,2,2,4,3,1,1,1,1,2,,,,,,,,
534,1,2,2,4,3,1,1,1,1,3,,,,,,,,
535,1,2,2,4,3,1,1,1,2,1,B,,,,,,,
536,1,2,2,4,3,1,1,1,2,2,,,,,,,,
537,1,2,2,4,3,1,1,1,2,3,,,,,,,,
538,1,2,2,4,3,1,1,1,3,1,B,,,,,,,
539,1,2,2,4,3,1,1,1,3,2,,,,,,,,
540,1,2,2,4,3,1,1,1,3,3,,,,,,,,
541,1,2,3,1,1,1,1,1,1,1,C,,,,,,,
542,1,2,3,1,1,1,1,1,1,2,,,,,,,,
543,1,2,3,1,1,1,1,1,1,3,,,,,,,,
544,1,2,3,1,1,1,1,1,2,1,C,,,,,,,
545,1,2,3,1,1,1,1,1,2,2,,,,,,,,
546,1,2,3,1,1,1,1,1,2,3,,,,,,,,
547,1,2,3,1,1,1,1,1,3,1,C,,,,,,,
548,1,2,3,1,1,1,1,1,3,2,,,,,,,,
549,1,2,3,1,1,1,1,1,3,3,,,,,,,,
550,1,2,3,1,2,1,1,1,1,1,D,,,,,,,
551,1,2,3,1,2,1,1,1,1,2,,,,,,,,
552,1,2,3,1,2,1,1,1,1,3,,,,,,,,
553,1,2,3,1,2,1,1,1,2,1,D,,,,,,,
554,1,2,3,1,2,1,1,1,2,2,,,,,,,,
555,1,2,3,1,2,1,1,1,2,3,,,,,,,,
556,1,2,3,1,2,1,1,1,3,1,D,,,,,,,
557,1,2,3,1,2,1,1,1,3,2,,,,,,,,
558,1,2,3,1,2,1,1,1,3,3,,,,,,,,
559,1,2,3,1,3,1,1,1,1,1,D,,,,,,,
560,1,2,3,1,3,1,1,1,1,2,,,,,,,,
561,1,2,3,1,3,1,1,1,1,3,,,,,,,,
562,1,2,3,1,3,1,1,1,2,1,D,,,,,,,
563,1,2,3,1,3,1,1,1,2,2,,,,,,,,
564,1,2,3,1,3,1,1,1,2,3,,,,,,,,
565,1,2,3,1,3,1,1,1,3,1,D,,,,,,,
566,1,2,3,1,3,1,1,1,3,2,,,,,,,,
567,1,2,3,1,3,1,1,1,3,3,,,,,,,,
568,1,2,3,2,1,1,1,1,1,1,C,,,,,,,
569,1,2,3,2,1,1,1,1,1,2,,,,,,,,
570,1,2,3,2,1,1,1,1,1,3,,,,,,,,
571,1,2,3,2,1,1,1,1,2,1,C,,,,,,,
572,1,2,3,2,1,1,1,1,2,2,,,,,,,,
573,1,2,3,2,1,1,1,1,2,3,,,,,,,,
574,1,2,3,2,1,1,1,1,3,1,C,,,,,,,
575,1,2,3,2,1,1,1,1,3,2,,,,,,,,
576,1,2,3,2,1,1,1,1,3,3,,,,,,,,
577,1,2,3,2,2,1,1,1,1,1,D,,,,,,,
578,1,2,3,2,2,1,1,1,1,2,,,,,,,,
579,1,2,3,2,2,1,1,1,1,3,,,,,,,,
580,1,2,3,2,2,1,1,1,2,1,D,,,,,,,
581,1,2,3,2,2,1,1,1,2,2,,,,,,,,
582,1,2,3,2,2,1,1,1,2,3,,,,,,,,
583,1,2,3,2,2,1,1,1,3,1,D,,,,,,,
584,1,2,3,2,2,1,1,1,3,2,,,,,,,,
585,1,2,3,2,2,1,1,1,3,3,,,,,,,,
586,1,2,3,2,3,1,1,1,1,1,D,,,,,,,
587,1,2,3,2,3,1,1,1,1,2,,,,,,,,
588,1,2,3,2,3,1,1,1,1,3,,,,,,,,
589,1,2,3,2,3,1,1,1,2,1,D,,,,,,,
590,1,2,3,2,3,1,1,1,2,2,,,,,,,,
591,1,2,3,2,3,1,1,1,2,3,,,,,,,,
592,1,2,3,2,3,1,1,1,3,1,D,,,,,,,
593,1,2,3,2,3,1,1,1,3,2,,,,,,,,
594,1,2,3,2,3,1,1,1,3,3,,,,,,,,
595,1,2,3,3,1,1,1,1,1,1,C,,,,,,,
596,1,2,3,3,1,1,1,1,1,2,,,,,,,,
597,1,2,3,3,1,1,1,1,1,3,,,,,,,,
598,1,2,3,3,1,1,1,1,2,1,C,,,,,,,
599,1,2,3,3,1,1,1,1,2,2,,,,,,,,
600,1,2,3,3,1,1,1,1,2,3,,,,,,,,
601,1,2,3,3,1,1,1,1,3,1,C,,,,,,,
602,1,2,3,3,1,1,1,1,3,2,,,,,,,,
603,1,2,3,3,1,1,1,1,3,3,,,,,,,,
604,1,2,3,3,2,1,1,1,1,1,D,,,,,,,
605,1,2,3,3,2,1,1,1,1,2,,,,,,,,
606,1,2,3,3,2,1,1,1,1,3,,,,,,,,
607,1,2,3,3,2,1,1,1,2,1,D,,,,,,,
608,1,2,3,3,2,1,1,1,2,2,,,,,,,,
609,1,2,3,3,2,1,1,1,2,3,,,,,,,,
610,1,2,3,3,2,1,1,1,3,1,D,,,,,,,
611,1,2,3,3,2,1,1,1,3,2,,,,,,,,
612,1,2,3,3,2,1,1,1,3,3,,,,,,,,
613,1,2,3,3,3,1,1,1,1,1,D,,,,,,,
614,1,2,3,3,3,1,1,1,1,2,,,,,,,,
615,1,2,3,3,3,1,1,1,1,3,,,,,,,,
616,1,2,3,3,3,1,1,1,2,1,D,,,,,,,
617,1,2,3,3,3,1,1,1,2,2,,,,,,,,
618,1,2,3,3,3,1,1,1,2,3,,,,,,,,
619,1,2,3,3,3,1,1,1,3,1,D,,,,,,,
620,1,2,3,3,3,1,1,1,3,2,,,,,,,,
621,1,2,3,3,3,1,1,1,3,3,,,,,,,,
622,1,2,3,4,1,1,1,1,1,1,C,,,,,,,
623,1,2,3,4,1,1,1,1,1,2,,,,,,,,
624,1,2,3,4,1,1,1,1,1,3,,,,,,,,
625,1,2,3,4,1,1,1,1,2,1,C,,,,,,,
626,1,2,3,4,1,1,1,1,2,2,,,,,,,,
627,1,2,3,4,1,1,1,1,2,3,,,,,,,,
628,1,2,3,4,1,1,1,1,3,1,C,,,,,,,
629,1,2,3,4,1,1,1,1,3,2,,,,,,,,
630,1,2,3,4,1,1,1,1,3,3,,,,,,,,
631,1,2,3,4,2,1,1,1,1,1,D,,,,,,,
632,1,2,3,4,2,1,1,1,1,2,,,,,,,,
633,1,2,3,4,2,1,1,1,1,3,,,,,,,,
634,1,2,3,4,2,1,1,1,2,1,D,,,,,,,
635,1,2,3,4,2,1,1,1,2,2,,,,,,,,
636,1,2,3,4,2,1,1,1,2,3,,,,,,,,
637,1,2,3,4,2,1,1,1,3,1,D,,,,,,,
638,1,2,3,4,2,1,1,1,3,2,,,,,,,,
639,1,2,3,4,2,1,1,1,3,3,,,,,,,,
640,1,2,3,4,3,1,1,1,1,1,D,,,,,,,
641,1,2,3,4,3,1,1,1,1,2,,,,,,,,
642,1,2,3,4,3,1,1,1,1,3,,,,,,,,
643,1,2,3,4,3,1,1,1,2,1,D,,,,,,,
644,1,2,3,4,3,1,1,1,2,2,,,,,,,,
645,1,2,3,4,3,1,1,1,2,3,,,,,,,,
646,1,2,3,4,3,1,1,1,3,1,D,,,,,,,
647,1,2,3,4,3,1,1,1,3,2,,,,,,,,
648,1,2,3,4,3,1,1,1,3,3,,,,,,,,
649,2,1,1,1,1,1,1,1,1,1,,,,,,,,
650,2,1,1,1,1,1,1,1,1,2,A,,,,,,,
651,2,1,1,1,1,1,1,1,1,3,A,,,,,,,
652,2,1,1,1,1,1,1,1,2,1,,,,,,,,
653,2,1,1,1,1,1,1,1,2,2,A,,,,,,,
654,2,1,1,1,1,1,1,1,2,3,A,,,,,,,
655,2,1,1,1,1,1,1,1,3,1,,,,,,,,
656,2,1,1,1,1,1,1,1,3,2,A,,,,,,,
657,2,1,1,1,1,1,1,1,3,3,A,,,,,,,
658,2,1,1,1,2,1,1,1,1,1,B,,,,,,,
659,2,1,1,1,2,1,1,1,1,2,,,,,,,,
660,2,1,1,1,2,1,1,1,1,3,,,,,,,,
661,2,1,1,1,2,1,1,1,2,1,B,,,,,,,
662,2,1,1,1,2,1,1,1,2,2,,,,,,,,
663,2,1,1,1,2,1,1,1,2,3,,,,,,,,
664,2,1,1,1,2,1,1,1,3,1,B,,,,,,,
665,2,1,1,1,2,1,1,1,3,2,,,,,,,,
666,2,1,1,1,2,1,1,1,3,3,,,,,,,,
667,2,1,1,1,3,1,1,1,1,1,B,,,,,,,
668,2,1,1,1,3,1,1,1,1,2,,,,,,,,
669,2,1,1,1,3,1,1,1,1,3,,,,,,,,
670,2,1,1,1,3,1,1,1,2,1,B,,,,,,,
671,2,1,1,1,3,1,1,1,2,2,,,,,,,,
672,2,1,1,1,3,1,1,1,2,3,,,,,,,,
673,2,1,1,1,3,1,1,1,3,1,B,,,,,,,
674,2,1,1,1,3,1,1,1,3,2,,,,,,,,
675,2,1,1,1,3,1,1,1,3,3,,,,,,,,
676,2,1,1,2,1,1,1,1,1,1,,,,,,,,
677,2,1,1,2,1,1,1,1,1,2,A,,,,,,,
678,2,1,1,2,1,1,1,1,1,3,A,,,,,,,
679,2,1,1,2,1,1,1,1,2,1,,,,,,,,
680,2,1,1,2,1,1,1,1,2,2,A,,,,,,,
681,2,1,1,2,1,1,1,1,2,3,A,,,,,,,
682,2,1,1,2,1,1,1,1,3,1,,,,,,,,
683,2,1,1,2,1,1,1,1,3,2,A,,,,,,,
684,2,1,1,2,1,1,1,1,3,3,A,,,,,,,
685,2,1,1,2,2,1,1,1,1,1,B,,,,,,,
686,2,1,1,2,2,1,1,1,1,2,,,,,,,,
687,2,1,1,2,2,1,1,1,1,3,,,,,,,,
688,2,1,1,2,2,1,1,1,2,1,B,,,,,,,
689,2,1,1,2,2,1,1,1,2,2,,,,,,,,
690,2,1,1,2,2,1,1,1,2,3,,,,,,,,
691,2,1,1,2,2,1,1,1,3,1,B,,,,,,,
692,2,1,1,2,2,1,1,1,3,2,,,,,,,,
693,2,1,1,2,2,1,1,1,3,3,,,,,,,,
694,2,1,1,2,3,1,1,1,1,1,B,,,,,,,
695,2,1,1,2,3,1,1,1,1,2,,,,,,,,
696,2,1,1,2,3,1,1,1,1,3,,,,,,,,
697,2,1,1,2,3,1,1,1,2,1,B,,,,,,,
698,2,1,1,2,3,1,1,1,2,2,,,,,,,,
699,2,1,1,2,3,1,1,1,2,3,,,,,,,,
700,2,1,1,2,3,1,1,1,3,1,B,,,,,,,
701,2,1,1,2,3,1,1,1,3,2,,,,,,,,
702,2,1,1,2,3,1,1,1,3,3,,,,,,,,
703,2,1,1,3,1,1,1,1,1,1,,,,,,,,
704,2,1,1,3,1,1,1,1,1,2,A,,,,,,,
705,2,1,1,3,1,1,1,1,1,3,A,,,,,,,
706,2,1,1,3,1,1,1,1,2,1,,,,,,,,
707,2,1,1,3,1,1,1,1,2,2,A,,,,,,,
708,2,1,1,3,1,1,1,1,2,3,A,,,,,,,
709,2,1,1,3,1,1,1,1,3,1,,,,,,,,
710,2,1,1,3,1,1,1,1,3,2,A,,,,,,,
711,2,1,1,3,1,1,1,1,3,3,A,,,,,,,
712,2,1,1,3,2,1,1,1,1,1,B,,,,,,,
713,2,1,1,3,2,1,1,1,1,2,,,,,,,,
714,2,1,1,3,2,1,1,1,1,3,,,,,,,,
715,2,1,1,3,2,1,1,1,2,1,B,,,,,,,
716,2,1,1,3,2,1,1,1,2,2,,,,,,,,
717,2,1,1,3,2,1,1,1,2,3,,,,,,,,
718,2,1,1,3,2,1,1,1,3,1,B,,,,,,,
719,2,1,1,3,2,1,1,1,3,2,,,,,,,,
720,2,1,1,3,2,1,1,1,3,3,,,,,,,,
721,2,1,1,3,3,1,1,1,1,1,B,,,,,,,
722,2,1,1,3,3,1,1,1,1,2,,,,,,,,
723,2,1,1,3,3,1,1,1,1,3,,,,,,,,
724,2,1,1,3,3,1,1,1,2,1,B,,,,,,,
725,2,1,1,3,3,1,1,1,2,2,,,,,,,,
726,2,1,1,3,3,1,1,1,2,3,,,,,,,,
727,2,1,1,3,3,1,1,1,3,1,B,,,,,,,
728,2,1,1,3,3,1,1,1,3,2,,,,,,,,
729,2,1,1,3,3,1,1,1,3,3,,,,,,,,
730,2,1,1,4,1,1,1,1,1,1,,,,,,,,
731,2,1,1,4,1,1,1,1,1,2,A,,,,,,,
732,2,1,1,4,1,1,1,1,1,3,A,,,,,,,
733,2,1,1,4,1,1,1,1,2,1,,,,,,,,
734,2,1,1,4,1,1,1,1,2,2,A,,,,,,,
735,2,1,1,4,1,1,1,1,2,3,A,,,,,,,
736,2,1,1,4,1,1,1,1,3,1,,,,,,,,
737,2,1,1,4,1,1,1,1,3,2,A,,,,,,,
738,2,1,1,4,1,1,1,1,3,3,A,,,,,,,
739,2,1,1,4,2,1,1,1,1,1,B,,,,,,,
740,2,1,1,4,2,1,1,1,1,2,,,,,,,,
741,2,1,1,4,2,1,1,1,1,3,,,,,,,,
742,2,1,1,4,2,1,1,1,2,1,B,,,,,,,
743,2,1,1,4,2,1,1,1,2,2,,,,,,,,
744,2,1,1,4,2,1,1,1,2,3,,,,,,,,
745,2,1,1,4,2,1,1,1,3,1,B,,,,,,,
746,2,1,1,4,2,1,1,1,3,2,,,,,,,,
747,2,1,1,4,2,1,1,1,3,3,,,,,,,,
748,2,1,1,4,3,1,1,1,1,1,B,,,,,,,
749,2,1,1,4,3,1,1,1,1,2,,,,,,,,
750,2,1,1,4,3,1,1,1,1,3,,,,,,,,
751,2,1,1,4,3,1,1,1,2,1,B,,,,,,,
752,2,1,1,4,3,1,1,1,2,2,,,,,,,,
753,2,1,1,4,3,1,1,1,2,3,,,,,,,,
754,2,1,1,4,3,1,1,1,3,1,B,,,,,,,
755,2,1,1,4,3,1,1,1,3,2,,,,,,,,
756,2,1,1,4,3,1,1,1,3,3,,,,,,,,
757,2,1,2,1,1,1,1,1,1,1,,,,,,,,
758,2,1,2,1,1,1,1,1,1,2,A,,,,,,,
759,2,1,2,1,1,1,1,1,1,3,A,,,,,,,
760,2,1,2,1,1,1,1,1,2,1,,,,,,,,
761,2,1,2,1,1,1,1,1,2,2,A,,,,,,,
762,2,1,2,1,1,1,1,1,2,3,A,,,,,,,
763,2,1,2,1,1,1,1,1,3,1,,,,,,,,
764,2,1,2,1,1,1,1,1,3,2,A,,,,,,,
765,2,1,2,1,1,1,1,1,3,3,A,,,,,,,
766,2,1,2,1,2,1,1,1,1,1,B,,,,,,,
767,2,1,2,1,2,1,1,1,1,2,,,,,,,,
768,2,1,2,1,2,1,1,1,1,3,,,,,,,,
769,2,1,2,1,2,1,1,1,2,1,B,,,,,,,
770,2,1,2,1,2,1,1,1,2,2,,,,,,,,
771,2,1,2,1,2,1,1,1,2,3,,,,,,,,
772,2,1,2,1,2,1,1,1,3,1,B,,,,,,,
773,2,1,2,1,2,1,1,1,3,2,,,,,,,,
774,2,1,2,1,2,1,1,1,3,3,,,,,,,,
775,2,1,2,1,3,1,1,1,1,1,B,,,,,,,
776,2,1,2,1,3,1,1,1,1,2,,,,,,,,
777,2,1,2,1,3,1,1,1,1,3,,,,,,,,
778,2,1,2,1,3,1,1,1,2,1,B,,,,,,,
779,2,1,2,1,3,1,1,1,2,2,,,,,,,,
780,2,1,2,1,3,1,1,1,2,3,,,,,,,,
781,2,1,2,1,3,1,1,1,3,1,B,,,,,,,
782,2,1,2,1,3,1,1,1,3,2,,,,,,,,
783,2,1,2,1,3,1,1,1,3,3,,,,,,,,
784,2,1,2,2,1,1,1,1,1,1,,,,,,,,
785,2,1,2,2,1,1,1,1,1,2,A,,,,,,,
786,2,1,2,2,1,1,1,1,1,3,A,,,,,,,
787,2,1,2,2,1,1,1,1,2,1,,,,,,,,
788,2,1,2,2,1,1,1,1,2,2,A,,,,,,,
789,2,1,2,2,1,1,1,1,2,3,A,,,,,,,
790,2,1,2,2,1,1,1,1,3,1,,,,,,,,
791,2,1,2,2,1,1,1,1,3,2,A,,,,,,,
792,2,1,2,2,1,1,1,1,3,3,A,,,,,,,
793,2,1,2,2,2,1,1,1,1,1,B,,,,,,,
794,2,1,2,2,2,1,1,1,1,2,,,,,,,,
795,2,1,2,2,2,1,1,1,1,3,,,,,,,,
796,2,1,2,2,2,1,1,1,2,1,B,,,,,,,
797,2,1,2,2,2,1,1,1,2,2,,,,,,,,
798,2,1,2,2,2,1,1,1,2,3,,,,,,,,
799,2,1,2,2,2,1,1,1,3,1,B,,,,,,,
800,2,1,2,2,2,1,1,1,3,2,,,,,,,,
801,2,1,2,2,2,1,1,1,3,3,,,,,,,,
802,2,1,2,2,3,1,1,1,1,1,B,,,,,,,
803,2,1,2,2,3,1,1,1,1,2,,,,,,,,
804,2,1,2,2,3,1,1,1,1,3,,,,,,,,
805,2,1,2,2,3,1,1,1,2,1,B,,,,,,,
806,2,1,2,2,3,1,1,1,2,2,,,,,,,,
807,2,1,2,2,3,1,1,1,2,3,,,,,,,,
808,2,1,2,2,3,1,1,1,3,1,B,,,,,,,
809,2,1,2,2,3,1,1,1,3,2,,,,,,,,
810,2,1,2,2,3,1,1,1,3,3,,,,,,,,
811,2,1,2,3,1,1,1,1,1,1,,,,,,,,
812,2,1,2,3,1,1,1,1,1,2,A,,,,,,,
813,2,1,2,3,1,1,1,1,1,3,A,,,,,,,
814,2,1,2,3,1,1,1,1,2,1,,,,,,,,
815,2,1,2,3,1,1,1,1,2,2,A,,,,,,,
816,2,1,2,3,1,1,1,1,2,3,A,,,,,,,
817,2,1,2,3,1,1,1,1,3,1,,,,,,,,
818,2,1,2,3,1,1,1,1,3,2,A,,,,,,,
819,2,1,2,3,1,1,1,1,3,3,A,,,,,,,
820,2,1,2,3,2,1,1,1,1,1,B,,,,,,,
821,2,1,2,3,2,1,1,1,1,2,,,,,,,,
822,2,1,2,3,2,1,1,1,1,3,,,,,,,,
823,2,1,2,3,2,1,1,1,2,1,B,,,,,,,
824,2,1,2,3,2,1,1,1,2,2,,,,,,,,
825,2,1,2,3,2,1,1,1,2,3,,,,,,,,
826,2,1,2,3,2,1,1,1,3,1,B,,,,,,,
827,2,1,2,3,2,1,1,1,3,2,,,,,,,,
828,2,1,2,3,2,1,1,1,3,3,,,,,,,,
829,2,1,2,3,3,1,1,1,1,1,B,,,,,,,
830,2,1,2,3,3,1,1,1,1,2,,,,,,,,
831,2,1,2,3,3,1,1,1,1,3,,,,,,,,
832,2,1,2,3,3,1,1,1,2,1,B,,,,,,,
833,2,1,2,3,3,1,1,1,2,2,,,,,,,,
834,2,1,2,3,3,1,1,1,2,3,,,,,,,,
835,2,1,2,3,3,1,1,1,3,1,B,,,,,,,
836,2,1,2,3,3,1,1,1,3,2,,,,,,,,
837,2,1,2,3,3,1,1,1,3,3,,,,,,,,
838,2,1,2,4,1,1,1,1,1,1,,,,,,,,
839,2,1,2,4,1,1,1,1,1,2,A,,,,,,,
840,2,1,2,4,1,1,1,1,1,3,A,,,,,,,
841,2,1,2,4,1,1,1,1,2,1,,,,,,,,
842,2,1,2,4,1,1,1,1,2,2,A,,,,,,,
843,2,1,2,4,1,1,1,1,2,3,A,,,,,,,
844,2,1,2,4,1,1,1,1,3,1,,,,,,,,
845,2,1,2,4,1,1,1,1,3,2,A,,,,,,,
846,2,1,2,4,1,1,1,1,3,3,A,,,,,,,
847,2,1,2,4,2,1,1,1,1,1,B,,,,,,,
848,2,1,2,4,2,1,1,1,1,2,,,,,,,,
849,2,1,2,4,2,1,1,1,1,3,,,,,,,,
850,2,1,2,4,2,1,1,1,2,1,B,,,,,,,
851,2,1,2,4,2,1,1,1,2,2,,,,,,,,
852,2,1,2,4,2,1,1,1,2,3,,,,,,,,
853,2,1,2,4,2,1,1,1,3,1,B,,,,,,,
854,2,1,2,4,2,1,1,1,3,2,,,,,,,,
855,2,1,2,4,2,1,1,1,3,3,,,,,,,,
856,2,1,2,4,3,1,1,1,1,1,B,,,,,,,
857,2,1,2,4,3,1,1,1,1,2,,,,,,,,
858,2,1,2,4,3,1,1,1,1,3,,,,,,,,
859,2,1,2,4,3,1,1,1,2,1,B,,,,,,,
860,2,1,2,4,3,1,1,1,2,2,,,,,,,,
861,2,1,2,4,3,1,1,1,2,3,,,,,,,,
862,2,1,2,4,3,1,1,1,3,1,B,,,,,,,
863,2,1,2,4,3,1,1,1,3,2,,,,,,,,
864,2,1,2,4,3,1,1,1,3,3,,,,,,,,
865,2,1,3,1,1,1,1,1,1,1,C,,,,,,,
866,2,1,3,1,1,1,1,1,1,2,,,,,,,,
867,2,1,3,1,1,1,1,1,1,3,,,,,,,,
868,2,1,3,1,1,1,1,1,2,1,C,,,,,,,
869,2,1,3,1,1,1,1,1,2,2,,,,,,,,
870,2,1,3,1,1,1,1,1,2,3,,,,,,,,
871,2,1,3,1,1,1,1,1,3,1,C,,,,,,,
872,2,1,3,1,1,1,1,1,3,2,,,,,,,,
873,2,1,3,1,1,1,1,1,3,3,,,,,,,,
874,2,1,3,1,2,1,1,1,1,1,D,,,,,,,
875,2,1,3,1,2,1,1,1,1,2,,,,,,,,
876,2,1,3,1,2,1,1,1,1,3,,,,,,,,
877,2,1,3,1,2,1,1,1,2,1,D,,,,,,,
878,2,1,3,1,2,1,1,1,2,2,,,,,,,,
879,2,1,3,1,2,1,1,1,2,3,,,,,,,,
880,2,1,3,1,2,1,1,1,3,1,D,,,,,,,
881,2,1,3,1,2,1,1,1,3,2,,,,,,,,
882,2,1,3,1,2,1,1,1,3,3,,,,,,,,
883,2,1,3,1,3,1,1,1,1,1,D,,,,,,,
884,2,1,3,1,3,1,1,1,1,2,,,,,,,,
885,2,1,3,1,3,1,1,1,1,3,,,,,,,,
886,2,1,3,1,3,1,1,1,2,1,D,,,,,,,
887,2,1,3,1,3,1,1,1,2,2,,,,,,,,
888,2,1,3,1,3,1,1,1,2,3,,,,,,,,
889,2,1,3,1,3,1,1,1,3,1,D,,,,,,,
890,2,1,3,1,3,1,1,1,3,2,,,,,,,,
891,2,1,3,1,3,1,1,1,3,3,,,,,,,,
892,2,1,3,2,1,1,1,1,1,1,C,,,,,,,
893,2,1,3,2,1,1,1,1,1,2,,,,,,,,
894,2,1,3,2,1,1,1,1,1,3,,,,,,,,
895,2,1,3,2,1,1,1,1,2,1,C,,,,,,,
896,2,1,3,2,1,1,1,1,2,2,,,,,,,,
897,2,1,3,2,1,1,1,1,2,3,,,,,,,,
898,2,1,3,2,1,1,1,1,3,1,C,,,,,,,
899,2,1,3,2,1,1,1,1,3,2,,,,,,,,
900,2,1,3,2,1,1,1,1,3,3,,,,,,,,
901,2,1,3,2,2,1,1,1,1,1,D,,,,,,,
902,2,1,3,2,2,1,1,1,1,2,,,,,,,,
903,2,1,3,2,2,1,1,1,1,3,,,,,,,,
904,2,1,3,2,2,1,1,1,2,1,D,,,,,,,
905,2,1,3,2,2,1,1,1,2,2,,,,,,,,
906,2,1,3,2,2,1,1,1,2,3,,,,,,,,
907,2,1,3,2,2,1,1,1,3,1,D,,,,,,,
908,2,1,3,2,2,1,1,1,3,2,,,,,,,,
909,2,1,3,2,2,1,1,1,3,3,,,,,,,,
910,2,1,3,2,3,1,1,1,1,1,D,,,,,,,
911,2,1,3,2,3,1,1,1,1,2,,,,,,,,
912,2,1,3,2,3,1,1,1,1,3,,,,,,,,
913,2,1,3,2,3,1,1,1,2,1,D,,,,,,,
914,2,1,3,2,3,1,1,1,2,2,,,,,,,,
915,2,1,3,2,3,1,1,1,2,3,,,,,,,,
916,2,1,3,2,3,1,1,1,3,1,D,,,,,,,
917,2,1,3,2,3,1,1,1,3,2,,,,,,,,
918,2,1,3,2,3,1,1,1,3,3,,,,,,,,
919,2,1,3,3,1,1,1,1,1,1,C,,,,,,,
920,2,1,3,3,1,1,1,1,1,2,,,,,,,,
921,2,1,3,3,1,1,1,1,1,3,,,,,,,,
922,2,1,3,3,1,1,1,1,2,1,C,,,,,,,
923,2,1,3,3,1,1,1,1,2,2,,,,,,,,
924,2,1,3,3,1,1,1,1,2,3,,,,,,,,
925,2,1,3,3,1,1,1,1,3,1,C,,,,,,,
926,2,1,3,3,1,1,1,1,3,2,,,,,,,,
927,2,1,3,3,1,1,1,1,3,3,,,,,,,,
928,2,1,3,3,2,1,1,1,1,1,D,,,,,,,
929,2,1,3,3,2,1,1,1,1,2,,,,,,,,
930,2,1,3,3,2,1,1,1,1,3,,,,,,,,
931,2,1,3,3,2,1,1,1,2,1,D,,,,,,,
932,2,1,3,3,2,1,1,1,2,2,,,,,,,,
933,2,1,3,3,2,1,1,1,2,3,,,,,,,,
934,2,1,3,3,2,1,1,1,3,1,D,,,,,,,
935,2,1,3,3,2,1,1,1,3,2,,,,,,,,
936,2,1,3,3,2,1,1,1,3,3,,,,,,,,
937,2,1,3,3,3,1,1,1,1,1,D,,,,,,,
938,2,1,3,3,3,1,1,1,1,2,,,,,,,,
939,2,1,3,3,3,1,1,1,1,3,,,,,,,,
940,2,1,3,3,3,1,1,1,2,1,D,,,,,,,
941,2,1,3,3,3,1,1,1,2,2,,,,,,,,
942,2,1,3,3,3,1,1,1,2,3,,,,,,,,
943,2,1,3,3,3,1,1,1,3,1,D,,,,,,,
944,2,1,3,3,3,1,1,1,3,2,,,,,,,,
945,2,1,3,3,3,1,1,1,3,3,,,,,,,,
946,2,1,3,4,1,1,1,1,1,1,C,,,,,,,
947,2,1,3,4,1,1,1,1,1,2,,,,,,,,
948,2,1,3,4,1,1,1,1,1,3,,,,,,,,
949,2,1,3,4,1,1,1,1,2,1,C,,,,,,,
950,2,1,3,4,1,1,1,1,2,2,,,,,,,,
951,2,1,3,4,1,1,1,1,2,3,,,,,,,,
952,2,1,3,4,1,1,1,1,3,1,C,,,,,,,
953,2,1,3,4,1,1,1,1,3,2,,,,,,,,
954,2,1,3,4,1,1,1,1,3,3,,,,,,,,
955,2,1,3,4,2,1,1,1,1,1,D,,,,,,,
956,2,1,3,4,2,1,1,1,1,2,,,,,,,,
957,2,1,3,4,2,1,1,1,1,3,,,,,,,,
958,2,1,3,4,2,1,1,1,2,1,D,,,,,,,
959,2,1,3,4,2,1,1,1,2,2,,,,,,,,
960,2,1,3,4,2,1,1,1,2,3,,,,,,,,
961,2,1,3,4,2,1,1,1,3,1,D,,,,,,,
962,2,1,3,4,2,1,1,1,3,2,,,,,,,,
963,2,1,3,4,2,1,1,1,3,3,,,,,,,,
964,2,1,3,4,3,1,1,1,1,1,D,,,,,,,
965,2,1,3,4,3,1,1,1,1,2,,,,,,,,
966,2,1,3,4,3,1,1,1,1,3,,,,,,,,
967,2,1,3,4,3,1,1,1,2,1,D,,,,,,,
968,2,1,3,4,3,1,1,1,2,2,,,,,,,,
969,2,1,3,4,3,1,1,1,2,3,,,,,,,,
970,2,1,3,4,3,1,1,1,3,1,D,,,,,,,
971,2,1,3,4,3,1,1,1,3,2,,,,,,,,
972,2,1,3,4,3,1,1,1,3,3,,,,,,,,
973,2,2,1,1,1,1,1,1,1,1,,,,,,,,
974,2,2,1,1,1,1,1,1,1,2,A,,,,,,,
975,2,2,1,1,1,1,1,1,1,3,A,,,,,,,
976,2,2,1,1,1,1,1,1,2,1,,,,,,,,
977,2,2,1,1,1,1,1,1,2,2,A,,,,,,,
978,2,2,1,1,1,1,1,1,2,3,A,,,,,,,
979,2,2,1,1,1,1,1,1,3,1,,,,,,,,
980,2,2,1,1,1,1,1,1,3,2,A,,,,,,,
981,2,2,1,1,1,1,1,1,3,3,A,,,,,,,
982,2,2,1,1,2,1,1,1,1,1,B,,,,,,,
983,2,2,1,1,2,1,1,1,1,2,,,,,,,,
984,2,2,1,1,2,1,1,1,1,3,,,,,,,,
985,2,2,1,1,2,1,1,1,2,1,B,,,,,,,
986,2,2,1,1,2,1,1,1,2,2,,,,,,,,
987,2,2,1,1,2,1,1,1,2,3,,,,,,,,
988,2,2,1,1,2,1,1,1,3,1,B,,,,,,,
989,2,2,1,1,2,1,1,1,3,2,,,,,,,,
990,2,2,1,1,2,1,1,1,3,3,,,,,,,,
991,2,2,1,1,3,1,1,1,1,1,B,,,,,,,
992,2,2,1,1,3,1,1,1,1,2,,,,,,,,
993,2,2,1,1,3,1,1,1,1,3,,,,,,,,
994,2,2,1,1,3,1,1,1,2,1,B,,,,,,,
995,2,2,1,1,3,1,1,1,2,2,,,,,,,,
996,2,2,1,1,3,1,1,1,2,3,,,,,,,,
997,2,2,1,1,3,1,1,1,3,1,B,,,,,,,
998,2,2,1,1,3,1,1,1,3,2,,,,,,,,
999,2,2,1,1,3,1,1,1,3,3,,,,,,,,
1000,2,2,1,2,1,1,1,1,1,1,,,,,,,,
1001,2,2,1,2,1,1,1,1,1,2,A,,,,,,,
1002,2,2,1,2,1,1,1,1,1,3,A,,,,,,,
1003,2,2,1,2,1,1,1,1,2,1,,,,,,,,
1004,2,2,1,2,1,1,1,1,2,2,A,,,,,,,
1005,2,2,1,2,1,1,1,1,2,3,A,,,,,,,
1006,2,2,1,2,1,1,1,1,3,1,,,,,,,,
1007,2,2,1,2,1,1,1,1,3,2,A,,,,,,,
1008,2,2,1,2,1,1,1,1,3,3,A,,,,,,,
1009,2,2,1,2,2,1,1,1,1,1,B,,,,,,,
1010,2,2,1,2,2,1,1,1,1,2,,,,,,,,
1011,2,2,1,2,2,1,1,1,1,3,,,,,,,,
1012,2,2,1,2,2,1,1,1,2,1,B,,,,,,,
1013,2,2,1,2,2,1,1,1,2,2,,,,,,,,
1014,2,2,1,2,2,1,1,1,2,3,,,,,,,,
1015,2,2,1,2,2,1,1,1,3,1,B,,,,,,,
1016,2,2,1,2,2,1,1,1,3,2,,,,,,,,
1017,2,2,1,2,2,1,1,1,3,3,,,,,,,,
1018,2,2,1,2,3,1,1,1,1,1,B,,,,,,,
1019,2,2,1,2,3,1,1,1,1,2,,,,,,,,
1020,2,2,1,2,3,1,1,1,1,3,,,,,,,,
1021,2,2,1,2,3,1,1,1,2,1,B,,,,,,,
1022,2,2,1,2,3,1,1,1,2,2,,,,,,,,
1023,2,2,1,2,3,1,1,1,2,3,,,,,,,,
1024,2,2,1,2,3,1,1,1,3,1,B,,,,,,,
1025,2,2,1,2,3,1,1,1,3,2,,,,,,,,
1026,2,2,1,2,3,1,1,1,3,3,,,,,,,,
1027,2,2,1,3,1,1,1,1,1,1,,,,,,,,
1028,2,2,1,3,1,1,1,1,1,2,A,,,,,,,
1029,2,2,1,3,1,1,1,1,1,3,A,,,,,,,
1030,2,2,1,3,1,1,1,1,2,1,,,,,,,,
1031,2,2,1,3,1,1,1,1,2,2,A,,,,,,,
1032,2,2,1,3,1,1,1,1,2,3,A,,,,,,,
1033,2,2,1,3,1,1,1,1,3,1,,,,,,,,
1034,2,2,1,3,1,1,1,1,3,2,A,,,,,,,
1035,2,2,1,3,1,1,1,1,3,3,A,,,,,,,
1036,2,2,1,3,2,1,1,1,1,1,B,,,,,,,
1037,2,2,1,3,2,1,1,1,1,2,,,,,,,,
1038,2,2,1,3,2,1,1,1,1,3,,,,,,,,
1039,2,2,1,3,2,1,1,1,2,1,B,,,,,,,
1040,2,2,1,3,2,1,1,1,2,2,,,,,,,,
1041,2,2,1,3,2,1,1,1,2,3,,,,,,,,
1042,2,2,1,3,2,1,1,1,3,1,B,,,,,,,
1043,2,2,1,3,2,1,1,1,3,2,,,,,,,,
1044,2,2,1,3,2,1,1,1,3,3,,,,,,,,
1045,2,2,1,3,3,1,1,1,1,1,B,,,,,,,
1046,2,2,1,3,3,1,1,1,1,2,,,,,,,,
1047,2,2,1,3,3,1,1,1,1,3,,,,,,,,
1048,2,2,1,3,3,1,1,1,2,1,B,,,,,,,
1049,2,2,1,3,3,1,1,1,2,2,,,,,,,,
1050,2,2,1,3,3,1,1,1,2,3,,,,,,,,
1051,2,2,1,3,3,1,1,1,3,1,B,,,,,,,
1052,2,2,1,3,3,1,1,1,3,2,,,,,,,,
1053,2,2,1,3,3,1,1,1,3,3,,,,,,,,
1054,2,2,1,4,1,1,1,1,1,1,,,,,,,,
1055,2,2,1,4,1,1,1,1,1,2,A,,,,,,,
1056,2,2,1,4,1,1,1,1,1,3,A,,,,,,,
1057,2,2,1,4,1,1,1,1,2,1,,,,,,,,
1058,2,2,1,4,1,1,1,1,2,2,A,,,,,,,
1059,2,2,1,4,1,1,1,1,2,3,A,,,,,,,
1060,2,2,1,4,1,1,1,1,3,1,,,,,,,,
1061,2,2,1,4,1,1,1,1,3,2,A,,,,,,,
1062,2,2,1,4,1,1,1,1,3,3,A,,,,,,,
1063,2,2,1,4,2,1,1,1,1,1,B,,,,,,,
1064,2,2,1,4,2,1,1,1,1,2,,,,,,,,
1065,2,2,1,4,2,1,1,1,1,3,,,,,,,,
1066,2,2,1,4,2,1,1,1,2,1,B,,,,,,,
1067,2,2,1,4,2,1,1,1,2,2,,,,,,,,
1068,2,2,1,4,2,1,1,1,2,3,,,,,,,,
1069,2,2,1,4,2,1,1,1,3,1,B,,,,,,,
1070,2,2,1,4,2,1,1,1,3,2,,,,,,,,
1071,2,2,1,4,2,1,1,1,3,3,,,,,,,,
1072,2,2,1,4,3,1,1,1,1,1,B,,,,,,,
1073,2,2,1,4,3,1,1,1,1,2,,,,,,,,
1074,2,2,1,4,3,1,1,1,1,3,,,,,,,,
1075,2,2,1,4,3,1,1,1,2,1,B,,,,,,,
1076,2,2,1,4,3,1,1,1,2,2,,,,,,,,
1077,2,2,1,4,3,1,1,1,2,3,,,,,,,,
1078,2,2,1,4,3,1,1,1,3,1,B,,,,,,,
1079,2,2,1,4,3,1,1,1,3,2,,,,,,,,
1080,2,2,1,4,3,1,1,1,3,3,,,,,,,,
1081,2,2,2,1,1,1,1,1,1,1,,,,,,,,
1082,2,2,2,1,1,1,1,1,1,2,A,,,,,,,
1083,2,2,2,1,1,1,1,1,1,3,A,,,,,,,
1084,2,2,2,1,1,1,1,1,2,1,,,,,,,,
1085,2,2,2,1,1,1,1,1,2,2,A,,,,,,,
1086,2,2,2,1,1,1,1,1,2,3,A,,,,,,,
1087,2,2,2,1,1,1,1,1,3,1,,,,,,,,
1088,2,2,2,1,1,1,1,1,3,2,A,,,,,,,
1089,2,2,2,1,1,1,1,1,3,3,A,,,,,,,
1090,2,2,2,1,2,1,1,1,1,1,B,,,,,,,
1091,2,2,2,1,2,1,1,1,1,2,,,,,,,,
1092,2,2,2,1,2,1,1,1,1,3,,,,,,,,
1093,2,2,2,1,2,1,1,1,2,1,B,,,,,,,
1094,2,2,2,1,2,1,1,1,2,2,,,,,,,,
1095,2,2,2,1,2,1,1,1,2,3,,,,,,,,
1096,2,2,2,1,2,1,1,1,3,1,B,,,,,,,
1097,2,2,2,1,2,1,1,1,3,2,,,,,,,,
1098,2,2,2,1,2,1,1,1,3,3,,,,,,,,
1099,2,2,2,1,3,1,1,1,1,1,B,,,,,,,
1100,2,2,2,1,3,1,1,1,1,2,,,,,,,,
1101,2,2,2,1,3,1,1,1,1,3,,,,,,,,
1102,2,2,2,1,3,1,1,1,2,1,B,,,,,,,
1103,2,2,2,1,3,1,1,1,2,2,,,,,,,,
1104,2,2,2,1,3,1,1,1,2,3,,,,,,,,
1105,2,2,2,1,3,1,1,1,3,1,B,,,,,,,
1106,2,2,2,1,3,1,1,1,3,2,,,,,,,,
1107,2,2,2,1,3,1,1,1,3,3,,,,,,,,
1108,2,2,2,2,1,1,1,1,1,1,,,,,,,,
1109,2,2,2,2,1,1,1,1,1,2,A,,,,,,,
1110,2,2,2,2,1,1,1,1,1,3,A,,,,,,,
1111,2,2,2,2,1,1,1,1,2,1,,,,,,,,
1112,2,2,2,2,1,1,1,1,2,2,A,,,,,,,
1113,2,2,2,2,1,1,1,1,2,3,A,,,,,,,
1114,2,2,2,2,1,1,1,1,3,1,,,,,,,,
1115,2,2,2,2,1,1,1,1,3,2,A,,,,,,,
1116,2,2,2,2,1,1,1,1,3,3,A,,,,,,,
1117,2,2,2,2,2,1,1,1,1,1,B,,,,,,,
1118,2,2,2,2,2,1,1,1,1,2,,,,,,,,
1119,2,2,2,2,2,1,1,1,1,3,,,,,,,,
1120,2,2,2,2,2,1,1,1,2,1,B,,,,,,,
1121,2,2,2,2,2,1,1,1,2,2,,,,,,,,
1122,2,2,2,2,2,1,1,1,2,3,,,,,,,,
1123,2,2,2,2,2,1,1,1,3,1,B,,,,,,,
1124,2,2,2,2,2,1,1,1,3,2,,,,,,,,
1125,2,2,2,2,2,1,1,1,3,3,,,,,,,,
1126,2,2,2,2,3,1,1,1,1,1,B,,,,,,,
1127,2,2,2,2,3,1,1,1,1,2,,,,,,,,
1128,2,2,2,2,3,1,1,1,1,3,,,,,,,,
1129,2,2,2,2,3,1,1,1,2,1,B,,,,,,,
1130,2,2,2,2,3,1,1,1,2,2,,,,,,,,
1131,2,2,2,2,3,1,1,1,2,3,,,,,,,,
1132,2,2,2,2,3,1,1,1,3,1,B,,,,,,,
1133,2,2,2,2,3,1,1,1,3,2,,,,,,,,
1134,2,2,2,2,3,1,1,1,3,3,,,,,,,,
1135,2,2,2,3,1,1,1,1,1,1,,,,,,,,
1136,2,2,2,3,1,1,1,1,1,2,A,,,,,,,
1137,2,2,2,3,1,1,1,1,1,3,A,,,,,,,
1138,2,2,2,3,1,1,1,1,2,1,,,,,,,,
1139,2,2,2,3,1,1,1,1,2,2,A,,,,,,,
1140,2,2,2,3,1,1,1,1,2,3,A,,,,,,,
1141,2,2,2,3,1,1,1,1,3,1,,,,,,,,
1142,2,2,2,3,1,1,1,1,3,2,A,,,,,,,
1143,2,2,2,3,1,1,1,1,3,3,A,,,,,,,
1144,2,2,2,3,2,1,1,1,1,1,B,,,,,,,
1145,2,2,2,3,2,1,1,1,1,2,,,,,,,,
1146,2,2,2,3,2,1,1,1,1,3,,,,,,,,
1147,2,2,2,3,2,1,1,1,2,1,B,,,,,,,
1148,2,2,2,3,2,1,1,1,2,2,,,,,,,,
1149,2,2,2,3,2,1,1,1,2,3,,,,,,,,
1150,2,2,2,3,2,1,1,1,3,1,B,,,,,,,
1151,2,2,2,3,2,1,1,1,3,2,,,,,,,,
1152,2,2,2,3,2,1,1,1,3,3,,,,,,,,
1153,2,2,2,3,3,1,1,1,1,1,B,,,,,,,
1154,2,2,2,3,3,1,1,1,1,2,,,,,,,,
1155,2,2,2,3,3,1,1,1,1,3,,,,,,,,
1156,2,2,2,3,3,1,1,1,2,1,B,,,,,,,
1157,2,2,2,3,3,1,1,1,2,2,,,,,,,,
1158,2,2,2,3,3,1,1,1,2,3,,,,,,,,
1159,2,2,2,3,3,1,1,1,3,1,B,,,,,,,
1160,2,2,2,3,3,1,1,1,3,2,,,,,,,,
1161,2,2,2,3,3,1,1,1,3,3,,,,,,,,
1162,2,2,2,4,1,1,1,1,1,1,,,,,,,,
1163,2,2,2,4,1,1,1,1,1,2,A,,,,,,,
1164,2,2,2,4,1,1,1,1,1,3,A,,,,,,,
1165,2,2,2,4,1,1,1,1,2,1,,,,,,,,
1166,2,2,2,4,1,1,1,1,2,2,A,,,,,,,
1167,2,2,2,4,1,1,1,1,2,3,A,,,,,,,
1168,2,2,2,4,1,1,1,1,3,1,,,,,,,,
1169,2,2,2,4,1,1,1,1,3,2,A,,,,,,,
1170,2,2,2,4,1,1,1,1,3,3,A,,,,,,,
1171,2,2,2,4,2,1,1,1,1,1,B,,,,,,,
1172,2,2,2,4,2,1,1,1,1,2,,,,,,,,
1173,2,2,2,4,2,1,1,1,1,3,,,,,,,,
1174,2,2,2,4,2,1,1,1,2,1,B,,,,,,,
1175,2,2,2,4,2,1,1,1,2,2,,,,,,,,
1176,2,2,2,4,2,1,1,1,2,3,,,,,,,,
1177,2,2,2,4,2,1,1,1,3,1,B,,,,,,,
1178,2,2,2,4,2,1,1,1,3,2,,,,,,,,
1179,2,2,2,4,2,1,1,1,3,3,,,,,,,,
1180,2,2,2,4,3,1,1,1,1,1,B,,,,,,,
1181,2,2,2,4,3,1,1,1,1,2,,,,,,,,
1182,2,2,2,4,3,1,1,1,1,3,,,,,,,,
1183,2,2,2,4,3,1,1,1,2,1,B,,,,,,,
1184,2,2,2,4,3,1,1,1,2,2,,,,,,,,
1185,2,2,2,4,3,1,1,1,2,3,,,,,,,,
1186,2,2,2,4,3,1,1,1,3,1,B,,,,,,,
1187,2,2,2,4,3,1,1,1,3,2,,,,,,,,
1188,2,2,2,4,3,1,1,1,3,3,,,,,,,,
1189,2,2,3,1,1,1,1,1,1,1,C,,,,,,,
1190,2,2,3,1,1,1,1,1,1,2,,,,,,,,
1191,2,2,3,1,1,1,1,1,1,3,,,,,,,,
1192,2,2,3,1,1,1,1,1,2,1,C,,,,,,,
1193,2,2,3,1,1,1,1,1,2,2,,,,,,,,
1194,2,2,3,1,1,1,1,1,2,3,,,,,,,,
1195,2,2,3,1,1,1,1,1,3,1,C,,,,,,,
1196,2,2,3,1,1,1,1,1,3,2,,,,,,,,
1197,2,2,3,1,1,1,1,1,3,3,,,,,,,,
1198,2,2,3,1,2,1,1,1,1,1,D,,,,,,,
1199,2,2,3,1,2,1,1,1,1,2,,,,,,,,
1200,2,2,3,1,2,1,1,1,1,3,,,,,,,,
1201,2,2,3,1,2,1,1,1,2,1,D,,,,,,,
1202,2,2,3,1,2,1,1,1,2,2,,,,,,,,
1203,2,2,3,1,2,1,1,1,2,3,,,,,,,,
1204,2,2,3,1,2,1,1,1,3,1,D,,,,,,,
1205,2,2,3,1,2,1,1,1,3,2,,,,,,,,
1206,2,2,3,1,2,1,1,1,3,3,,,,,,,,
1207,2,2,3,1,3,1,1,1,1,1,D,,,,,,,
1208,2,2,3,1,3,1,1,1,1,2,,,,,,,,
1209,2,2,3,1,3,1,1,1,1,3,,,,,,,,
1210,2,2,3,1,3,1,1,1,2,1,D,,,,,,,
1211,2,2,3,1,3,1,1,1,2,2,,,,,,,,
1212,2,2,3,1,3,1,1,1,2,3,,,,,,,,
1213,2,2,3,1,3,1,1,1,3,1,D,,,,,,,
1214,2,2,3,1,3,1,1,1,3,2,,,,,,,,
1215,2,2,3,1,3,1,1,1,3,3,,,,,,,,
1216,2,2,3,2,1,1,1,1,1,1,C,,,,,,,
1217,2,2,3,2,1,1,1,1,1,2,,,,,,,,
1218,2,2,3,2,1,1,1,1,1,3,,,,,,,,
1219,2,2,3,2,1,1,1,1,2,1,C,,,,,,,
1220,2,2,3,2,1,1,1,1,2,2,,,,,,,,
1221,2,2,3,2,1,1,1,1,2,3,,,,,,,,
1222,2,2,3,2,1,1,1,1,3,1,C,,,,,,,
1223,2,2,3,2,1,1,1,1,3,2,,,,,,,,
1224,2,2,3,2,1,1,1,1,3,3,,,,,,,,
1225,2,2,3,2,2,1,1,1,1,1,D,,,,,,,
1226,2,2,3,2,2,1,1,1,1,2,,,,,,,,
1227,2,2,3,2,2,1,1,1,1,3,,,,,,,,
1228,2,2,3,2,2,1,1,1,2,1,D,,,,,,,
1229,2,2,3,2,2,1,1,1,2,2,,,,,,,,
1230,2,2,3,2,2,1,1,1,2,3,,,,,,,,
1231,2,2,3,2,2,1,1,1,3,1,D,,,,,,,
1232,2,2,3,2,2,1,1,1,3,2,,,,,,,,
1233,2,2,3,2,2,1,1,1,3,3,,,,,,,,
1234,2,2,3,2,3,1,1,1,1,1,D,,,,,,,
1235,2,2,3,2,3,1,1,1,1,2,,,,,,,,
1236,2,2,3,2,3,1,1,1,1,3,,,,,,,,
1237,2,2,3,2,3,1,1,1,2,1,D,,,,,,,
1238,2,2,3,2,3,1,1,1,2,2,,,,,,,,
1239,2,2,3,2,3,1,1,1,2,3,,,,,,,,
1240,2,2,3,2,3,1,1,1,3,1,D,,,,,,,
1241,2,2,3,2,3,1,1,1,3,2,,,,,,,,
1242,2,2,3,2,3,1,1,1,3,3,,,,,,,,
1243,2,2,3,3,1,1,1,1,1,1,C,,,,,,,
1244,2,2,3,3,1,1,1,1,1,2,,,,,,,,
1245,2,2,3,3,1,1,1,1,1,3,,,,,,,,
1246,2,2,3,3,1,1,1,1,2,1,C,,,,,,,
1247,2,2,3,3,1,1,1,1,2,2,,,,,,,,
1248,2,2,3,3,1,1,1,1,2,3,,,,,,,,
1249,2,2,3,3,1,1,1,1,3,1,C,,,,,,,
1250,2,2,3,3,1,1,1,1,3,2,,,,,,,,
1251,2,2,3,3,1,1,1,1,3,3,,,,,,,,
1252,2,2,3,3,2,1,1,1,1,1,D,,,,,,,
1253,2,2,3,3,2,1,1,1,1,2,,,,,,,,
1254,2,2,3,3,2,1,1,1,1,3,,,,,,,,
1255,2,2,3,3,2,1,1,1,2,1,D,,,,,,,
1256,2,2,3,3,2,1,1,1,2,2,,,,,,,,
1257,2,2,3,3,2,1,1,1,2,3,,,,,,,,
1258,2,2,3,3,2,1,1,1,3,1,D,,,,,,,
1259,2,2,3,3,2,1,1,1,3,2,,,,,,,,
1260,2,2,3,3,2,1,1,1,3,3,,,,,,,,
1261,2,2,3,3,3,1,1,1,1,1,D,,,,,,,
1262,2,2,3,3,3,1,1,1,1,2,,,,,,,,
1263,2,2,3,3,3,1,1,1,1,3,,,,,,,,
1264,2,2,3,3,3,1,1,1,2,1,D,,,,,,,
1265,2,2,3,3,3,1,1,1,2,2,,,,,,,,
1266,2,2,3,3,3,1,1,1,2,3,,,,,,,,
1267,2,2,3,3,3,1,1,1,3,1,D,,,,,,,
1268,2,2,3,3,3,1,1,1,3,2,,,,,,,,
1269,2,2,3,3,3,1,1,1,3,3,,,,,,,,
1270,2,2,3,4,1,1,1,1,1,1,C,,,,,,,
1271,2,2,3,4,1,1,1,1,1,2,,,,,,,,
1272,2,2,3,4,1,1,1,1,1,3,,,,,,,,
1273,2,2,3,4,1,1,1,1,2,1,C,,,,,,,
1274,2,2,3,4,1,1,1,1,2,2,,,,,,,,
1275,2,2,3,4,1,1,1,1,2,3,,,,,,,,
1276,2,2,3,4,1,1,1,1,3,1,C,,,,,,,
1277,2,2,3,4,1,1,1,1,3,2,,,,,,,,
1278,2,2,3,4,1,1,1,1,3,3,,,,,,,,
1279,2,2,3,4,2,1,1,1,1,1,D,,,,,,,
1280,2,2,3,4,2,1,1,1,1,2,,,,,,,,
1281,2,2,3,4,2,1,1,1,1,3,,,,,,,,
1282,2,2,3,4,2,1,1,1,2,1,D,,,,,,,
1283,2,2,3,4,2,1,1,1,2,2,,,,,,,,
1284,2,2,3,4,2,1,1,1,2,3,,,,,,,,
1285,2,2,3,4,2,1,1,1,3,1,D,,,,,,,
1286,2,2,3,4,2,1,1,1,3,2,,,,,,,,
1287,2,2,3,4,2,1,1,1,3,3,,,,,,,,
1288,2,2,3,4,3,1,1,1,1,1,D,,,,,,,
1289,2,2,3,4,3,1,1,1,1,2,,,,,,,,
1290,2,2,3,4,3,1,1,1,1,3,,,,,,,,
1291,2,2,3,4,3,1,1,1,2,1,D,,,,,,,
1292,2,2,3,4,3,1,1,1,2,2,,,,,,,,
1293,2,2,3,4,3,1,1,1,2,3,,,,,,,,
1294,2,2,3,4,3,1,1,1,3,1,D,,,,,,,
1295,2,2,3,4,3,1,1,1,3,2,,,,,,,,
1296,2,2,3,4,3,1,1,1,3,3,,,,,,,,
1297,3,1,1,1,1,1,1,1,1,1,,,,,,,,
1298,3,1,1,1,1,1,1,1,1,2,A,,,,,,,
1299,3,1,1,1,1,1,1,1,1,3,A,,,,,,,
1300,3,1,1,1,1,1,1,1,2,1,,,,,,,,
1301,3,1,1,1,1,1,1,1,2,2,A,,,,,,,
1302,3,1,1,1,1,1,1,1,2,3,A,,,,,,,
1303,3,1,1,1,1,1,1,1,3,1,,,,,,,,
1304,3,1,1,1,1,1,1,1,3,2,A,,,,,,,
1305,3,1,1,1,1,1,1,1,3,3,A,,,,,,,
1306,3,1,1,1,2,1,1,1,1,1,B,,,,,,,
1307,3,1,1,1,2,1,1,1,1,2,,,,,,,,
1308,3,1,1,1,2,1,1,1,1,3,,,,,,,,
1309,3,1,1,1,2,1,1,1,2,1,B,,,,,,,
1310,3,1,1,1,2,1,1,1,2,2,,,,,,,,
1311,3,1,1,1,2,1,1,1,2,3,,,,,,,,
1312,3,1,1,1,2,1,1,1,3,1,B,,,,,,,
1313,3,1,1,1,2,1,1,1,3,2,,,,,,,,
1314,3,1,1,1,2,1,1,1,3,3,,,,,,,,
1315,3,1,1,1,3,1,1,1,1,1,B,,,,,,,
1316,3,1,1,1,3,1,1,1,1,2,,,,,,,,
1317,3,1,1,1,3,1,1,1,1,3,,,,,,,,
1318,3,1,1,1,3,1,1,1,2,1,B,,,,,,,
1319,3,1,1,1,3,1,1,1,2,2,,,,,,,,
1320,3,1,1,1,3,1,1,1,2,3,,,,,,,,
1321,3,1,1,1,3,1,1,1,3,1,B,,,,,,,
1322,3,1,1,1,3,1,1,1,3,2,,,,,,,,
1323,3,1,1,1,3,1,1,1,3,3,,,,,,,,
1324,3,1,1,2,1,1,1,1,1,1,,,,,,,,
1325,3,1,1,2,1,1,1,1,1,2,A,,,,,,,
1326,3,1,1,2,1,1,1,1,1,3,A,,,,,,,
1327,3,1,1,2,1,1,1,1,2,1,,,,,,,,
1328,3,1,1,2,1,1,1,1,2,2,A,,,,,,,
1329,3,1,1,2,1,1,1,1,2,3,A,,,,,,,
1330,3,1,1,2,1,1,1,1,3,1,,,,,,,,
1331,3,1,1,2,1,1,1,1,3,2,A,,,,,,,
1332,3,1,1,2,1,1,1,1,3,3,A,,,,,,,
1333,3,1,1,2,2,1,1,1,1,1,B,,,,,,,
1334,3,1,1,2,2,1,1,1,1,2,,,,,,,,
1335,3,1,1,2,2,1,1,1,1,3,,,,,,,,
1336,3,1,1,2,2,1,1,1,2,1,B,,,,,,,
1337,3,1,1,2,2,1,1,1,2,2,,,,,,,,
1338,3,1,1,2,2,1,1,1,2,3,,,,,,,,
1339,3,1,1,2,2,1,1,1,3,1,B,,,,,,,
1340,3,1,1,2,2,1,1,1,3,2,,,,,,,,
1341,3,1,1,2,2,1,1,1,3,3,,,,,,,,
1342,3,1,1,2,3,1,1,1,1,1,B,,,,,,,
1343,3,1,1,2,3,1,1,1,1,2,,,,,,,,
1344,3,1,1,2,3,1,1,1,1,3,,,,,,,,
1345,3,1,1,2,3,1,1,1,2,1,B,,,,,,,
1346,3,1,1,2,3,1,1,1,2,2,,,,,,,,
1347,3,1,1,2,3,1,1,1,2,3,,,,,,,,
1348,3,1,1,2,3,1,1,1,3,1,B,,,,,,,
1349,3,1,1,2,3,1,1,1,3,2,,,,,,,,
1350,3,1,1,2,3,1,1,1,3,3,,,,,,,,
1351,3,1,1,3,1,1,1,1,1,1,,,,,,,,
1352,3,1,1,3,1,1,1,1,1,2,A,,,,,,,
1353,3,1,1,3,1,1,1,1,1,3,A,,,,,,,
1354,3,1,1,3,1,1,1,1,2,1,,,,,,,,
1355,3,1,1,3,1,1,1,1,2,2,A,,,,,,,
1356,3,1,1,3,1,1,1,1,2,3,A,,,,,,,
1357,3,1,1,3,1,1,1,1,3,1,,,,,,,,
1358,3,1,1,3,1,1,1,1,3,2,A,,,,,,,
1359,3,1,1,3,1,1,1,1,3,3,A,,,,,,,
1360,3,1,1,3,2,1,1,1,1,1,B,,,,,,,
1361,3,1,1,3,2,1,1,1,1,2,,,,,,,,
1362,3,1,1,3,2,1,1,1,1,3,,,,,,,,
1363,3,1,1,3,2,1,1,1,2,1,B,,,,,,,
1364,3,1,1,3,2,1,1,1,2,2,,,,,,,,
1365,3,1,1,3,2,1,1,1,2,3,,,,,,,,
1366,3,1,1,3,2,1,1,1,3,1,B,,,,,,,
1367,3,1,1,3,2,1,1,1,3,2,,,,,,,,
1368,3,1,1,3,2,1,1,1,3,3,,,,,,,,
1369,3,1,1,3,3,1,1,1,1,1,B,,,,,,,
1370,3,1,1,3,3,1,1,1,1,2,,,,,,,,
1371,3,1,1,3,3,1,1,1,1,3,,,,,,,,
1372,3,1,1,3,3,1,1,1,2,1,B,,,,,,,
1373,3,1,1,3,3,1,1,1,2,2,,,,,,,,
1374,3,1,1,3,3,1,1,1,2,3,,,,,,,,
1375,3,1,1,3,3,1,1,1,3,1,B,,,,,,,
1376,3,1,1,3,3,1,1,1,3,2,,,,,,,,
1377,3,1,1,3,3,1,1,1,3,3,,,,,,,,
1378,3,1,1,4,1,1,1,1,1,1,,,,,,,,
1379,3,1,1,4,1,1,1,1,1,2,A,,,,,,,
1380,3,1,1,4,1,1,1,1,1,3,A,,,,,,,
1381,3,1,1,4,1,1,1,1,2,1,,,,,,,,
1382,3,1,1,4,1,1,1,1,2,2,A,,,,,,,
1383,3,1,1,4,1,1,1,1,2,3,A,,,,,,,
1384,3,1,1,4,1,1,1,1,3,1,,,,,,,,
1385,3,1,1,4,1,1,1,1,3,2,A,,,,,,,
1386,3,1,1,4,1,1,1,1,3,3,A,,,,,,,
1387,3,1,1,4,2,1,1,1,1,1,B,,,,,,,
1388,3,1,1,4,2,1,1,1,1,2,,,,,,,,
1389,3,1,1,4,2,1,1,1,1,3,,,,,,,,
1390,3,1,1,4,2,1,1,1,2,1,B,,,,,,,
1391,3,1,1,4,2,1,1,1,2,2,,,,,,,,
1392,3,1,1,4,2,1,1,1,2,3,,,,,,,,
1393,3,1,1,4,2,1,1,1,3,1,B,,,,,,,
1394,3,1,1,4,2,1,1,1,3,2,,,,,,,,
1395,3,1,1,4,2,1,1,1,3,3,,,,,,,,
1396,3,1,1,4,3,1,1,1,1,1,B,,,,,,,
1397,3,1,1,4,3,1,1,1,1,2,,,,,,,,
1398,3,1,1,4,3,1,1,1,1,3,,,,,,,,
1399,3,1,1,4,3,1,1,1,2,1,B,,,,,,,
1400,3,1,1,4,3,1,1,1,2,2,,,,,,,,
1401,3,1,1,4,3,1,1,1,2,3,,,,,,,,
1402,3,1,1,4,3,1,1,1,3,1,B,,,,,,,
1403,3,1,1,4,3,1,1,1,3,2,,,,,,,,
1404,3,1,1,4,3,1,1,1,3,3,,,,,,,,
1405,3,1,2,1,1,1,1,1,1,1,,,,,,,,
1406,3,1,2,1,1,1,1,1,1,2,A,,,,,,,
1407,3,1,2,1,1,1,1,1,1,3,A,,,,,,,
1408,3,1,2,1,1,1,1,1,2,1,,,,,,,,
1409,3,1,2,1,1,1,1,1,2,2,A,,,,,,,
1410,3,1,2,1,1,1,1,1,2,3,A,,,,,,,
1411,3,1,2,1,1,1,1,1,3,1,,,,,,,,
1412,3,1,2,1,1,1,1,1,3,2,A,,,,,,,
1413,3,1,2,1,1,1,1,1,3,3,A,,,,,,,
1414,3,1,2,1,2,1,1,1,1,1,B,,,,,,,
1415,3,1,2,1,2,1,1,1,1,2,,,,,,,,
1416,3,1,2,1,2,1,1,1,1,3,,,,,,,,
1417,3,1,2,1,2,1,1,1,2,1,B,,,,,,,
1418,3,1,2,1,2,1,1,1,2,2,,,,,,,,
1419,3,1,2,1,2,1,1,1,2,3,,,,,,,,
1420,3,1,2,1,2,1,1,1,3,1,B,,,,,,,
1421,3,1,2,1,2,1,1,1,3,2,,,,,,,,
1422,3,1,2,1,2,1,1,1,3,3,,,,,,,,
1423,3,1,2,1,3,1,1,1,1,1,B,,,,,,,
1424,3,1,2,1,3,1,1,1,1,2,,,,,,,,
1425,3,1,2,1,3,1,1,1,1,3,,,,,,,,
1426,3,1,2,1,3,1,1,1,2,1,B,,,,,,,
1427,3,1,2,1,3,1,1,1,2,2,,,,,,,,
1428,3,1,2,1,3,1,1,1,2,3,,,,,,,,
1429,3,1,2,1,3,1,1,1,3,1,B,,,,,,,
1430,3,1,2,1,3,1,1,1,3,2,,,,,,,,
1431,3,1,2,1,3,1,1,1,3,3,,,,,,,,
1432,3,1,2,2,1,1,1,1,1,1,,,,,,,,
1433,3,1,2,2,1,1,1,1,1,2,A,,,,,,,
1434,3,1,2,2,1,1,1,1,1,3,A,,,,,,,
1435,3,1,2,2,1,1,1,1,2,1,,,,,,,,
1436,3,1,2,2,1,1,1,1,2,2,A,,,,,,,
1437,3,1,2,2,1,1,1,1,2,3,A,,,,,,,
1438,3,1,2,2,1,1,1,1,3,1,,,,,,,,
1439,3,1,2,2,1,1,1,1,3,2,A,,,,,,,
1440,3,1,2,2,1,1,1,1,3,3,A,,,,,,,
1441,3,1,2,2,2,1,1,1,1,1,B,,,,,,,
1442,3,1,2,2,2,1,1,1,1,2,,,,,,,,
1443,3,1,2,2,2,1,1,1,1,3,,,,,,,,
1444,3,1,2,2,2,1,1,1,2,1,B,,,,,,,
1445,3,1,2,2,2,1,1,1,2,2,,,,,,,,
1446,3,1,2,2,2,1,1,1,2,3,,,,,,,,
1447,3,1,2,2,2,1,1,1,3,1,B,,,,,,,
1448,3,1,2,2,2,1,1,1,3,2,,,,,,,,
1449,3,1,2,2,2,1,1,1,3,3,,,,,,,,
1450,3,1,2,2,3,1,1,1,1,1,B,,,,,,,
1451,3,1,2,2,3,1,1,1,1,2,,,,,,,,
1452,3,1,2,2,3,1,1,1,1,3,,,,,,,,
1453,3,1,2,2,3,1,1,1,2,1,B,,,,,,,
1454,3,1,2,2,3,1,1,1,2,2,,,,,,,,
1455,3,1,2,2,3,1,1,1,2,3,,,,,,,,
1456,3,1,2,2,3,1,1,1,3,1,B,,,,,,,
1457,3,1,2,2,3,1,1,1,3,2,,,,,,,,
1458,3,1,2,2,3,1,1,1,3,3,,,,,,,,
1459,3,1,2,3,1,1,1,1,1,1,,,,,,,,
1460,3,1,2,3,1,1,1,1,1,2,A,,,,,,,
1461,3,1,2,3,1,1,1,1,1,3,A,,,,,,,
1462,3,1,2,3,1,1,1,1,2,1,,,,,,,,
1463,3,1,2,3,1,1,1,1,2,2,A,,,,,,,
1464,3,1,2,3,1,1,1,1,2,3,A,,,,,,,
1465,3,1,2,3,1,1,1,1,3,1,,,,,,,,
1466,3,1,2,3,1,1,1,1,3,2,A,,,,,,,
1467,3,1,2,3,1,1,1,1,3,3,A,,,,,,,
1468,3,1,2,3,2,1,1,1,1,1,B,,,,,,,
1469,3,1,2,3,2,1,1,1,1,2,,,,,,,,
1470,3,1,2,3,2,1,1,1,1,3,,,,,,,,
1471,3,1,2,3,2,1,1,1,2,1,B,,,,,,,
1472,3,1,2,3,2,1,1,1,2,2,,,,,,,,
1473,3,1,2,3,2,1,1,1,2,3,,,,,,,,
1474,3,1,2,3,2,1,1,1,3,1,B,,,,,,,
1475,3,1,2,3,2,1,1,1,3,2,,,,,,,,
1476,3,1,2,3,2,1,1,1,3,3,,,,,,,,
1477,3,1,2,3,3,1,1,1,1,1,B,,,,,,,
1478,3,1,2,3,3,1,1,1,1,2,,,,,,,,
1479,3,1,2,3,3,1,1,1,1,3,,,,,,,,
1480,3,1,2,3,3,1,1,1,2,1,B,,,,,,,
1481,3,1,2,3,3,1,1,1,2,2,,,,,,,,
1482,3,1,2,3,3,1,1,1,2,3,,,,,,,,
1483,3,1,2,3,3,1,1,1,3,1,B,,,,,,,
1484,3,1,2,3,3,1,1,1,3,2,,,,,,,,
1485,3,1,2,3,3,1,1,1,3,3,,,,,,,,
1486,3,1,2,4,1,1,1,1,1,1,,,,,,,,
1487,3,1,2,4,1,1,1,1,1,2,A,,,,,,,
1488,3,1,2,4,1,1,1,1,1,3,A,,,,,,,
1489,3,1,2,4,1,1,1,1,2,1,,,,,,,,
1490,3,1,2,4,1,1,1,1,2,2,A,,,,,,,
1491,3,1,2,4,1,1,1,1,2,3,A,,,,,,,
1492,3,1,2,4,1,1,1,1,3,1,,,,,,,,
1493,3,1,2,4,1,1,1,1,3,2,A,,,,,,,
1494,3,1,2,4,1,1,1,1,3,3,A,,,,,,,
1495,3,1,2,4,2,1,1,1,1,1,B,,,,,,,
1496,3,1,2,4,2,1,1,1,1,2,,,,,,,,
1497,3,1,2,4,2,1,1,1,1,3,,,,,,,,
1498,3,1,2,4,2,1,1,1,2,1,B,,,,,,,
1499,3,1,2,4,2,1,1,1,2,2,,,,,,,,
1500,3,1,2,4,2,1,1,1,2,3,,,,,,,,
1501,3,1,2,4,2,1,1,1,3,1,B,,,,,,,
1502,3,1,2,4,2,1,1,1,3,2,,,,,,,,
1503,3,1,2,4,2,1,1,1,3,3,,,,,,,,
1504,3,1,2,4,3,1,1,1,1,1,B,,,,,,,
1505,3,1,2,4,3,1,1,1,1,2,,,,,,,,
1506,3,1,2,4,3,1,1,1,1,3,,,,,,,,
1507,3,1,2,4,3,1,1,1,2,1,B,,,,,,,
1508,3,1,2,4,3,1,1,1,2,2,,,,,,,,
1509,3,1,2,4,3,1,1,1,2,3,,,,,,,,
1510,3,1,2,4,3,1,1,1,3,1,B,,,,,,,
1511,3,1,2,4,3,1,1,1,3,2,,,,,,,,
1512,3,1,2,4,3,1,1,1,3,3,,,,,,,,
1513,3,1,3,1,1,1,1,1,1,1,C,,,,,,,
1514,3,1,3,1,1,1,1,1,1,2,,,,,,,,
1515,3,1,3,1,1,1,1,1,1,3,,,,,,,,
1516,3,1,3,1,1,1,1,1,2,1,C,,,,,,,
1517,3,1,3,1,1,1,1,1,2,2,,,,,,,,
1518,3,1,3,1,1,1,1,1,2,3,,,,,,,,
1519,3,1,3,1,1,1,1,1,3,1,C,,,,,,,
1520,3,1,3,1,1,1,1,1,3,2,,,,,,,,
1521,3,1,3,1,1,1,1,1,3,3,,,,,,,,
1522,3,1,3,1,2,1,1,1,1,1,D,,,,,,,
1523,3,1,3,1,2,1,1,1,1,2,,,,,,,,
1524,3,1,3,1,2,1,1,1,1,3,,,,,,,,
1525,3,1,3,1,2,1,1,1,2,1,D,,,,,,,
1526,3,1,3,1,2,1,1,1,2,2,,,,,,,,
1527,3,1,3,1,2,1,1,1,2,3,,,,,,,,
1528,3,1,3,1,2,1,1,1,3,1,D,,,,,,,
1529,3,1,3,1,2,1,1,1,3,2,,,,,,,,
1530,3,1,3,1,2,1,1,1,3,3,,,,,,,,
1531,3,1,3,1,3,1,1,1,1,1,D,,,,,,,
1532,3,1,3,1,3,1,1,1,1,2,,,,,,,,
1533,3,1,3,1,3,1,1,1,1,3,,,,,,,,
1534,3,1,3,1,3,1,1,1,2,1,D,,,,,,,
1535,3,1,3,1,3,1,1,1,2,2,,,,,,,,
1536,3,1,3,1,3,1,1,1,2,3,,,,,,,,
1537,3,1,3,1,3,1,1,1,3,1,D,,,,,,,
1538,3,1,3,1,3,1,1,1,3,2,,,,,,,,
1539,3,1,3,1,3,1,1,1,3,3,,,,,,,,
1540,3,1,3,2,1,1,1,1,1,1,C,,,,,,,
1541,3,1,3,2,1,1,1,1,1,2,,,,,,,,
1542,3,1,3,2,1,1,1,1,1,3,,,,,,,,
1543,3,1,3,2,1,1,1,1,2,1,C,,,,,,,
1544,3,1,3,2,1,1,1,1,2,2,,,,,,,,
1545,3,1,3,2,1,1,1,1,2,3,,,,,,,,
1546,3,1,3,2,1,1,1,1,3,1,C,,,,,,,
1547,3,1,3,2,1,1,1,1,3,2,,,,,,,,
1548,3,1,3,2,1,1,1,1,3,3,,,,,,,,
1549,3,1,3,2,2,1,1,1,1,1,D,,,,,,,
1550,3,1,3,2,2,1,1,1,1,2,,,,,,,,
1551,3,1,3,2,2,1,1,1,1,3,,,,,,,,
1552,3,1,3,2,2,1,1,1,2,1,D,,,,,,,
1553,3,1,3,2,2,1,1,1,2,2,,,,,,,,
1554,3,1,3,2,2,1,1,1,2,3,,,,,,,,
1555,3,1,3,2,2,1,1,1,3,1,D,,,,,,,
1556,3,1,3,2,2,1,1,1,3,2,,,,,,,,
1557,3,1,3,2,2,1,1,1,3,3,,,,,,,,
1558,3,1,3,2,3,1,1,1,1,1,D,,,,,,,
1559,3,1,3,2,3,1,1,1,1,2,,,,,,,,
1560,3,1,3,2,3,1,1,1,1,3,,,,,,,,
1561,3,1,3,2,3,1,1,1,2,1,D,,,,,,,
1562,3,1,3,2,3,1,1,1,2,2,,,,,,,,
1563,3,1,3,2,3,1,1,1,2,3,,,,,,,,
1564,3,1,3,2,3,1,1,1,3,1,D,,,,,,,
1565,3,1,3,2,3,1,1,1,3,2,,,,,,,,
1566,3,1,3,2,3,1,1,1,3,3,,,,,,,,
1567,3,1,3,3,1,1,1,1,1,1,C,,,,,,,
1568,3,1,3,3,1,1,1,1,1,2,,,,,,,,
1569,3,1,3,3,1,1,1,1,1,3,,,,,,,,
1570,3,1,3,3,1,1,1,1,2,1,C,,,,,,,
1571,3,1,3,3,1,1,1,1,2,2,,,,,,,,
1572,3,1,3,3,1,1,1,1,2,3,,,,,,,,
1573,3,1,3,3,1,1,1,1,3,1,C,,,,,,,
1574,3,1,3,3,1,1,1,1,3,2,,,,,,,,
1575,3,1,3,3,1,1,1,1,3,3,,,,,,,,
1576,3,1,3,3,2,1,1,1,1,1,D,,,,,,,
1577,3,1,3,3,2,1,1,1,1,2,,,,,,,,
1578,3,1,3,3,2,1,1,1,1,3,,,,,,,,
1579,3,1,3,3,2,1,1,1,2,1,D,,,,,,,
1580,3,1,3,3,2,1,1,1,2,2,,,,,,,,
1581,3,1,3,3,2,1,1,1,2,3,,,,,,,,
1582,3,1,3,3,2,1,1,1,3,1,D,,,,,,,
1583,3,1,3,3,2,1,1,1,3,2,,,,,,,,
1584,3,1,3,3,2,1,1,1,3,3,,,,,,,,
1585,3,1,3,3,3,1,1,1,1,1,D,,,,,,,
1586,3,1,3,3,3,1,1,1,1,2,,,,,,,,
1587,3,1,3,3,3,1,1,1,1,3,,,,,,,,
1588,3,1,3,3,3,1,1,1,2,1,D,,,,,,,
1589,3,1,3,3,3,1,1,1,2,2,,,,,,,,
1590,3,1,3,3,3,1,1,1,2,3,,,,,,,,
1591,3,1,3,3,3,1,1,1,3,1,D,,,,,,,
1592,3,1,3,3,3,1,1,1,3,2,,,,,,,,
1593,3,1,3,3,3,1,1,1,3,3,,,,,,,,
1594,3,1,3,4,1,1,1,1,1,1,C,,,,,,,
1595,3,1,3,4,1,1,1,1,1,2,,,,,,,,
1596,3,1,3,4,1,1,1,1,1,3,,,,,,,,
1597,3,1,3,4,1,1,1,1,2,1,C,,,,,,,
1598,3,1,3,4,1,1,1,1,2,2,,,,,,,,
1599,3,1,3,4,1,1,1,1,2,3,,,,,,,,
1600,3,1,3,4,1,1,1,1,3,1,C,,,,,,,
1601,3,1,3,4,1,1,1,1,3,2,,,,,,,,
1602,3,1,3,4,1,1,1,1,3,3,,,,,,,,
1603,3,1,3,4,2,1,1,1,1,1,D,,,,,,,
1604,3,1,3,4,2,1,1,1,1,2,,,,,,,,
1605,3,1,3,4,2,1,1,1,1,3,,,,,,,,
1606,3,1,3,4,2,1,1,1,2,1,D,,,,,,,
1607,3,1,3,4,2,1,1,1,2,2,,,,,,,,
1608,3,1,3,4,2,1,1,1,2,3,,,,,,,,
1609,3,1,3,4,2,1,1,1,3,1,D,,,,,,,
1610,3,1,3,4,2,1,1,1,3,2,,,,,,,,
1611,3,1,3,4,2,1,1,1,3,3,,,,,,,,
1612,3,1,3,4,3,1,1,1,1,1,D,,,,,,,
1613,3,1,3,4,3,1,1,1,1,2,,,,,,,,
1614,3,1,3,4,3,1,1,1,1,3,,,,,,,,
1615,3,1,3,4,3,1,1,1,2,1,D,,,,,,,
1616,3,1,3,4,3,1,1,1,2,2,,,,,,,,
1617,3,1,3,4,3,1,1,1,2,3,,,,,,,,
1618,3,1,3,4,3,1,1,1,3,1,D,,,,,,,
1619,3,1,3,4,3,1,1,1,3,2,,,,,,,,
1620,3,1,3,4,3,1,1,1,3,3,,,,,,,,
1621,3,2,1,1,1,1,1,1,1,1,,,,,,,,
1622,3,2,1,1,1,1,1,1,1,2,A,,,,,,,
1623,3,2,1,1,1,1,1,1,1,3,A,,,,,,,
1624,3,2,1,1,1,1,1,1,2,1,,,,,,,,
1625,3,2,1,1,1,1,1,1,2,2,A,,,,,,,
1626,3,2,1,1,1,1,1,1,2,3,A,,,,,,,
1627,3,2,1,1,1,1,1,1,3,1,,,,,,,,
1628,3,2,1,1,1,1,1,1,3,2,A,,,,,,,
1629,3,2,1,1,1,1,1,1,3,3,A,,,,,,,
1630,3,2,1,1,2,1,1,1,1,1,B,,,,,,,
1631,3,2,1,1,2,1,1,1,1,2,,,,,,,,
1632,3,2,1,1,2,1,1,1,1,3,,,,,,,,
1633,3,2,1,1,2,1,1,1,2,1,B,,,,,,,
1634,3,2,1,1,2,1,1,1,2,2,,,,,,,,
1635,3,2,1,1,2,1,1,1,2,3,,,,,,,,
1636,3,2,1,1,2,1,1,1,3,1,B,,,,,,,
1637,3,2,1,1,2,1,1,1,3,2,,,,,,,,
1638,3,2,1,1,2,1,1,1,3,3,,,,,,,,
1639,3,2,1,1,3,1,1,1,1,1,B,,,,,,,
1640,3,2,1,1,3,1,1,1,1,2,,,,,,,,
1641,3,2,1,1,3,1,1,1,1,3,,,,,,,,
1642,3,2,1,1,3,1,1,1,2,1,B,,,,,,,
1643,3,2,1,1,3,1,1,1,2,2,,,,,,,,
1644,3,2,1,1,3,1,1,1,2,3,,,,,,,,
1645,3,2,1,1,3,1,1,1,3,1,B,,,,,,,
1646,3,2,1,1,3,1,1,1,3,2,,,,,,,,
1647,3,2,1,1,3,1,1,1,3,3,,,,,,,,
1648,3,2,1,2,1,1,1,1,1,1,,,,,,,,
1649,3,2,1,2,1,1,1,1,1,2,A,,,,,,,
1650,3,2,1,2,1,1,1,1,1,3,A,,,,,,,
1651,3,2,1,2,1,1,1,1,2,1,,,,,,,,
1652,3,2,1,2,1,1,1,1,2,2,A,,,,,,,
1653,3,2,1,2,1,1,1,1,2,3,A,,,,,,,
1654,3,2,1,2,1,1,1,1,3,1,,,,,,,,
1655,3,2,1,2,1,1,1,1,3,2,A,,,,,,,
1656,3,2,1,2,1,1,1,1,3,3,A,,,,,,,
1657,3,2,1,2,2,1,1,1,1,1,B,,,,,,,
1658,3,2,1,2,2,1,1,1,1,2,,,,,,,,
1659,3,2,1,2,2,1,1,1,1,3,,,,,,,,
1660,3,2,1,2,2,1,1,1,2,1,B,,,,,,,
1661,3,2,1,2,2,1,1,1,2,2,,,,,,,,
1662,3,2,1,2,2,1,1,1,2,3,,,,,,,,
1663,3,2,1,2,2,1,1,1,3,1,B,,,,,,,
1664,3,2,1,2,2,1,1,1,3,2,,,,,,,,
1665,3,2,1,2,2,1,1,1,3,3,,,,,,,,
1666,3,2,1,2,3,1,1,1,1,1,B,,,,,,,
1667,3,2,1,2,3,1,1,1,1,2,,,,,,,,
1668,3,2,1,2,3,1,1,1,1,3,,,,,,,,
1669,3,2,1,2,3,1,1,1,2,1,B,,,,,,,
1670,3,2,1,2,3,1,1,1,2,2,,,,,,,,
1671,3,2,1,2,3,1,1,1,2,3,,,,,,,,
1672,3,2,1,2,3,1,1,1,3,1,B,,,,,,,
1673,3,2,1,2,3,1,1,1,3,2,,,,,,,,
1674,3,2,1,2,3,1,1,1,3,3,,,,,,,,
1675,3,2,1,3,1,1,1,1,1,1,,,,,,,,
1676,3,2,1,3,1,1,1,1,1,2,A,,,,,,,
1677,3,2,1,3,1,1,1,1,1,3,A,,,,,,,
1678,3,2,1,3,1,1,1,1,2,1,,,,,,,,
1679,3,2,1,3,1,1,1,1,2,2,A,,,,,,,
1680,3,2,1,3,1,1,1,1,2,3,A,,,,,,,
1681,3,2,1,3,1,1,1,1,3,1,,,,,,,,
1682,3,2,1,3,1,1,1,1,3,2,A,,,,,,,
1683,3,2,1,3,1,1,1,1,3,3,A,,,,,,,
1684,3,2,1,3,2,1,1,1,1,1,B,,,,,,,
1685,3,2,1,3,2,1,1,1,1,2,,,,,,,,
1686,3,2,1,3,2,1,1,1,1,3,,,,,,,,
1687,3,2,1,3,2,1,1,1,2,1,B,,,,,,,
1688,3,2,1,3,2,1,1,1,2,2,,,,,,,,
1689,3,2,1,3,2,1,1,1,2,3,,,,,,,,
1690,3,2,1,3,2,1,1,1,3,1,B,,,,,,,
1691,3,2,1,3,2,1,1,1,3,2,,,,,,,,
1692,3,2,1,3,2,1,1,1,3,3,,,,,,,,
1693,3,2,1,3,3,1,1,1,1,1,B,,,,,,,
1694,3,2,1,3,3,1,1,1,1,2,,,,,,,,
1695,3,2,1,3,3,1,1,1,1,3,,,,,,,,
1696,3,2,1,3,3,1,1,1,2,1,B,,,,,,,
1697,3,2,1,3,3,1,1,1,2,2,,,,,,,,
1698,3,2,1,3,3,1,1,1,2,3,,,,,,,,
1699,3,2,1,3,3,1,1,1,3,1,B,,,,,,,
1700,3,2,1,3,3,1,1,1,3,2,,,,,,,,
1701,3,2,1,3,3,1,1,1,3,3,,,,,,,,
1702,3,2,1,4,1,1,1,1,1,1,,,,,,,,
1703,3,2,1,4,1,1,1,1,1,2,A,,,,,,,
1704,3,2,1,4,1,1,1,1,1,3,A,,,,,,,
1705,3,2,1,4,1,1,1,1,2,1,,,,,,,,
1706,3,2,1,4,1,1,1,1,2,2,A,,,,,,,
1707,3,2,1,4,1,1,1,1,2,3,A,,,,,,,
1708,3,2,1,4,1,1,1,1,3,1,,,,,,,,
1709,3,2,1,4,1,1,1,1,3,2,A,,,,,,,
1710,3,2,1,4,1,1,1,1,3,3,A,,,,,,,
1711,3,2,1,4,2,1,1,1,1,1,B,,,,,,,
1712,3,2,1,4,2,1,1,1,1,2,,,,,,,,
1713,3,2,1,4,2,1,1,1,1,3,,,,,,,,
1714,3,2,1,4,2,1,1,1,2,1,B,,,,,,,
1715,3,2,1,4,2,1,1,1,2,2,,,,,,,,
1716,3,2,1,4,2,1,1,1,2,3,,,,,,,,
1717,3,2,1,4,2,1,1,1,3,1,B,,,,,,,
1718,3,2,1,4,2,1,1,1,3,2,,,,,,,,
1719,3,2,1,4,2,1,1,1,3,3,,,,,,,,
1720,3,2,1,4,3,1,1,1,1,1,B,,,,,,,
1721,3,2,1,4,3,1,1,1,1,2,,,,,,,,
1722,3,2,1,4,3,1,1,1,1,3,,,,,,,,
1723,3,2,1,4,3,1,1,1,2,1,B,,,,,,,
1724,3,2,1,4,3,1,1,1,2,2,,,,,,,,
1725,3,2,1,4,3,1,1,1,2,3,,,,,,,,
1726,3,2,1,4,3,1,1,1,3,1,B,,,,,,,
1727,3,2,1,4,3,1,1,1,3,2,,,,,,,,
1728,3,2,1,4,3,1,1,1,3,3,,,,,,,,
1729,3,2,2,1,1,1,1,1,1,1,,,,,,,,
1730,3,2,2,1,1,1,1,1,1,2,A,,,,,,,
1731,3,2,2,1,1,1,1,1,1,3,A,,,,,,,
1732,3,2,2,1,1,1,1,1,2,1,,,,,,,,
1733,3,2,2,1,1,1,1,1,2,2,A,,,,,,,
1734,3,2,2,1,1,1,1,1,2,3,A,,,,,,,
1735,3,2,2,1,1,1,1,1,3,1,,,,,,,,
1736,3,2,2,1,1,1,1,1,3,2,A,,,,,,,
1737,3,2,2,1,1,1,1,1,3,3,A,,,,,,,
1738,3,2,2,1,2,1,1,1,1,1,B,,,,,,,
1739,3,2,2,1,2,1,1,1,1,2,,,,,,,,
1740,3,2,2,1,2,1,1,1,1,3,,,,,,,,
1741,3,2,2,1,2,1,1,1,2,1,B,,,,,,,
1742,3,2,2,1,2,1,1,1,2,2,,,,,,,,
1743,3,2,2,1,2,1,1,1,2,3,,,,,,,,
1744,3,2,2,1,2,1,1,1,3,1,B,,,,,,,
1745,3,2,2,1,2,1,1,1,3,2,,,,,,,,
1746,3,2,2,1,2,1,1,1,3,3,,,,,,,,
1747,3,2,2,1,3,1,1,1,1,1,B,,,,,,,
1748,3,2,2,1,3,1,1,1,1,2,,,,,,,,
1749,3,2,2,1,3,1,1,1,1,3,,,,,,,,
1750,3,2,2,1,3,1,1,1,2,1,B,,,,,,,
1751,3,2,2,1,3,1,1,1,2,2,,,,,,,,
1752,3,2,2,1,3,1,1,1,2,3,,,,,,,,
1753,3,2,2,1,3,1,1,1,3,1,B,,,,,,,
1754,3,2,2,1,3,1,1,1,3,2,,,,,,,,
1755,3,2,2,1,3,1,1,1,3,3,,,,,,,,
1756,3,2,2,2,1,1,1,1,1,1,,,,,,,,
1757,3,2,2,2,1,1,1,1,1,2,A,,,,,,,
1758,3,2,2,2,1,1,1,1,1,3,A,,,,,,,
1759,3,2,2,2,1,1,1,1,2,1,,,,,,,,
1760,3,2,2,2,1,1,1,1,2,2,A,,,,,,,
1761,3,2,2,2,1,1,1,1,2,3,A,,,,,,,
1762,3,2,2,2,1,1,1,1,3,1,,,,,,,,
1763,3,2,2,2,1,1,1,1,3,2,A,,,,,,,
1764,3,2,2,2,1,1,1,1,3,3,A,,,,,,,
1765,3,2,2,2,2,1,1,1,1,1,B,,,,,,,
1766,3,2,2,2,2,1,1,1,1,2,,,,,,,,
1767,3,2,2,2,2,1,1,1,1,3,,,,,,,,
1768,3,2,2,2,2,1,1,1,2,1,B,,,,,,,
1769,3,2,2,2,2,1,1,1,2,2,,,,,,,,
1770,3,2,2,2,2,1,1,1,2,3,,,,,,,,
1771,3,2,2,2,2,1,1,1,3,1,B,,,,,,,
1772,3,2,2,2,2,1,1,1,3,2,,,,,,,,
1773,3,2,2,2,2,1,1,1,3,3,,,,,,,,
1774,3,2,2,2,3,1,1,1,1,1,B,,,,,,,
1775,3,2,2,2,3,1,1,1,1,2,,,,,,,,
1776,3,2,2,2,3,1,1,1,1,3,,,,,,,,
1777,3,2,2,2,3,1,1,1,2,1,B,,,,,,,
1778,3,2,2,2,3,1,1,1,2,2,,,,,,,,
1779,3,2,2,2,3,1,1,1,2,3,,,,,,,,
1780,3,2,2,2,3,1,1,1,3,1,B,,,,,,,
1781,3,2,2,2,3,1,1,1,3,2,,,,,,,,
1782,3,2,2,2,3,1,1,1,3,3,,,,,,,,
1783,3,2,2,3,1,1,1,1,1,1,,,,,,,,
1784,3,2,2,3,1,1,1,1,1,2,A,,,,,,,
1785,3,2,2,3,1,1,1,1,1,3,A,,,,,,,
1786,3,2,2,3,1,1,1,1,2,1,,,,,,,,
1787,3,2,2,3,1,1,1,1,2,2,A,,,,,,,
1788,3,2,2,3,1,1,1,1,2,3,A,,,,,,,
1789,3,2,2,3,1,1,1,1,3,1,,,,,,,,
1790,3,2,2,3,1,1,1,1,3,2,A,,,,,,,
1791,3,2,2,3,1,1,1,1,3,3,A,,,,,,,
1792,3,2,2,3,2,1,1,1,1,1,B,,,,,,,
1793,3,2,2,3,2,1,1,1,1,2,,,,,,,,
1794,3,2,2,3,2,1,1,1,1,3,,,,,,,,
1795,3,2,2,3,2,1,1,1,2,1,B,,,,,,,
1796,3,2,2,3,2,1,1,1,2,2,,,,,,,,
1797,3,2,2,3,2,1,1,1,2,3,,,,,,,,
1798,3,2,2,3,2,1,1,1,3,1,B,,,,,,,
1799,3,2,2,3,2,1,1,1,3,2,,,,,,,,
1800,3,2,2,3,2,1,1,1,3,3,,,,,,,,
1801,3,2,2,3,3,1,1,1,1,1,B,,,,,,,
1802,3,2,2,3,3,1,1,1,1,2,,,,,,,,
1803,3,2,2,3,3,1,1,1,1,3,,,,,,,,
1804,3,2,2,3,3,1,1,1,2,1,B,,,,,,,
1805,3,2,2,3,3,1,1,1,2,2,,,,,,,,
1806,3,2,2,3,3,1,1,1,2,3,,,,,,,,
1807,3,2,2,3,3,1,1,1,3,1,B,,,,,,,
1808,3,2,2,3,3,1,1,1,3,2,,,,,,,,
1809,3,2,2,3,3,1,1,1,3,3,,,,,,,,
1810,3,2,2,4,1,1,1,1,1,1,,,,,,,,
1811,3,2,2,4,1,1,1,1,1,2,A,,,,,,,
1812,3,2,2,4,1,1,1,1,1,3,A,,,,,,,
1813,3,2,2,4,1,1,1,1,2,1,,,,,,,,
1814,3,2,2,4,1,1,1,1,2,2,A,,,,,,,
1815,3,2,2,4,1,1,1,1,2,3,A,,,,,,,
1816,3,2,2,4,1,1,1,1,3,1,,,,,,,,
1817,3,2,2,4,1,1,1,1,3,2,A,,,,,,,
1818,3,2,2,4,1,1,1,1,3,3,A,,,,,,,
1819,3,2,2,4,2,1,1,1,1,1,B,,,,,,,
1820,3,2,2,4,2,1,1,1,1,2,,,,,,,,
1821,3,2,2,4,2,1,1,1,1,3,,,,,,,,
1822,3,2,2,4,2,1,1,1,2,1,B,,,,,,,
1823,3,2,2,4,2,1,1,1,2,2,,,,,,,,
1824,3,2,2,4,2,1,1,1,2,3,,,,,,,,
1825,3,2,2,4,2,1,1,1,3,1,B,,,,,,,
1826,3,2,2,4,2,1,1,1,3,2,,,,,,,,
1827,3,2,2,4,2,1,1,1,3,3,,,,,,,,
1828,3,2,2,4,3,1,1,1,1,1,B,,,,,,,
1829,3,2,2,4,3,1,1,1,1,2,,,,,,,,
1830,3,2,2,4,3,1,1,1,1,3,,,,,,,,
1831,3,2,2,4,3,1,1,1,2,1,B,,,,,,,
1832,3,2,2,4,3,1,1,1,2,2,,,,,,,,
1833,3,2,2,4,3,1,1,1,2,3,,,,,,,,
1834,3,2,2,4,3,1,1,1,3,1,B,,,,,,,
1835,3,2,2,4,3,1,1,1,3,2,,,,,,,,
1836,3,2,2,4,3,1,1,1,3,3,,,,,,,,
1837,3,2,3,1,1,1,1,1,1,1,C,,,,,,,
1838,3,2,3,1,1,1,1,1,1,2,,,,,,,,
1839,3,2,3,1,1,1,1,1,1,3,,,,,,,,
1840,3,2,3,1,1,1,1,1,2,1,C,,,,,,,
1841,3,2,3,1,1,1,1,1,2,2,,,,,,,,
1842,3,2,3,1,1,1,1,1,2,3,,,,,,,,
1843,3,2,3,1,1,1,1,1,3,1,C,,,,,,,
1844,3,2,3,1,1,1,1,1,3,2,,,,,,,,
1845,3,2,3,1,1,1,1,1,3,3,,,,,,,,
1846,3,2,3,1,2,1,1,1,1,1,D,,,,,,,
1847,3,2,3,1,2,1,1,1,1,2,,,,,,,,
1848,3,2,3,1,2,1,1,1,1,3,,,,,,,,
1849,3,2,3,1,2,1,1,1,2,1,D,,,,,,,
1850,3,2,3,1,2,1,1,1,2,2,,,,,,,,
1851,3,2,3,1,2,1,1,1,2,3,,,,,,,,
1852,3,2,3,1,2,1,1,1,3,1,D,,,,,,,
1853,3,2,3,1,2,1,1,1,3,2,,,,,,,,
1854,3,2,3,1,2,1,1,1,3,3,,,,,,,,
1855,3,2,3,1,3,1,1,1,1,1,D,,,,,,,
1856,3,2,3,1,3,1,1,1,1,2,,,,,,,,
1857,3,2,3,1,3,1,1,1,1,3,,,,,,,,
1858,3,2,3,1,3,1,1,1,2,1,D,,,,,,,
1859,3,2,3,1,3,1,1,1,2,2,,,,,,,,
1860,3,2,3,1,3,1,1,1,2,3,,,,,,,,
1861,3,2,3,1,3,1,1,1,3,1,D,,,,,,,
1862,3,2,3,1,3,1,1,1,3,2,,,,,,,,
1863,3,2,3,1,3,1,1,1,3,3,,,,,,,,
1864,3,2,3,2,1,1,1,1,1,1,C,,,,,,,
1865,3,2,3,2,1,1,1,1,1,2,,,,,,,,
1866,3,2,3,2,1,1,1,1,1,3,,,,,,,,
1867,3,2,3,2,1,1,1,1,2,1,C,,,,,,,
1868,3,2,3,2,1,1,1,1,2,2,,,,,,,,
1869,3,2,3,2,1,1,1,1,2,3,,,,,,,,
1870,3,2,3,2,1,1,1,1,3,1,C,,,,,,,
1871,3,2,3,2,1,1,1,1,3,2,,,,,,,,
1872,3,2,3,2,1,1,1,1,3,3,,,,,,,,
1873,3,2,3,2,2,1,1,1,1,1,D,,,,,,,
1874,3,2,3,2,2,1,1,1,1,2,,,,,,,,
1875,3,2,3,2,2,1,1,1,1,3,,,,,,,,
1876,3,2,3,2,2,1,1,1,2,1,D,,,,,,,
1877,3,2,3,2,2,1,1,1,2,2,,,,,,,,
1878,3,2,3,2,2,1,1,1,2,3,,,,,,,,
1879,3,2,3,2,2,1,1,1,3,1,D,,,,,,,
1880,3,2,3,2,2,1,1,1,3,2,,,,,,,,
1881,3,2,3,2,2,1,1,1,3,3,,,,,,,,
1882,3,2,3,2,3,1,1,1,1,1,D,,,,,,,
1883,3,2,3,2,3,1,1,1,1,2,,,,,,,,
1884,3,2,3,2,3,1,1,1,1,3,,,,,,,,
1885,3,2,3,2,3,1,1,1,2,1,D,,,,,,,
1886,3,2,3,2,3,1,1,1,2,2,,,,,,,,
1887,3,2,3,2,3,1,1,1,2,3,,,,,,,,
1888,3,2,3,2,3,1,1,1,3,1,D,,,,,,,
1889,3,2,3,2,3,1,1,1,3,2,,,,,,,,
1890,3,2,3,2,3,1,1,1,3,3,,,,,,,,
1891,3,2,3,3,1,1,1,1,1,1,C,,,,,,,
1892,3,2,3,3,1,1,1,1,1,2,,,,,,,,
1893,3,2,3,3,1,1,1,1,1,3,,,,,,,,
1894,3,2,3,3,1,1,1,1,2,1,C,,,,,,,
1895,3,2,3,3,1,1,1,1,2,2,,,,,,,,
1896,3,2,3,3,1,1,1,1,2,3,,,,,,,,
1897,3,2,3,3,1,1,1,1,3,1,C,,,,,,,
1898,3,2,3,3,1,1,1,1,3,2,,,,,,,,
1899,3,2,3,3,1,1,1,1,3,3,,,,,,,,
1900,3,2,3,3,2,1,1,1,1,1,D,,,,,,,
1901,3,2,3,3,2,1,1,1,1,2,,,,,,,,
1902,3,2,3,3,2,1,1,1,1,3,,,,,,,,
1903,3,2,3,3,2,1,1,1,2,1,D,,,,,,,
1904,3,2,3,3,2,1,1,1,2,2,,,,,,,,
1905,3,2,3,3,2,1,1,1,2,3,,,,,,,,
1906,3,2,3,3,2,1,1,1,3,1,D,,,,,,,
1907,3,2,3,3,2,1,1,1,3,2,,,,,,,,
1908,3,2,3,3,2,1,1,1,3,3,,,,,,,,
1909,3,2,3,3,3,1,1,1,1,1,D,,,,,,,
1910,3,2,3,3,3,1,1,1,1,2,,,,,,,,
1911,3,2,3,3,3,1,1,1,1,3,,,,,,,,
1912,3,2,3,3,3,1,1,1,2,1,D,,,,,,,
1913,3,2,3,3,3,1,1,1,2,2,,,,,,,,
1914,3,2,3,3,3,1,1,1,2,3,,,,,,,,
1915,3,2,3,3,3,1,1,1,3,1,D,,,,,,,
1916,3,2,3,3,3,1,1,1,3,2,,,,,,,,
1917,3,2,3,3,3,1,1,1,3,3,,,,,,,,
1918,3,2,3,4,1,1,1,1,1,1,C,,,,,,,
1919,3,2,3,4,1,1,1,1,1,2,,,,,,,,
1920,3,2,3,4,1,1,1,1,1,3,,,,,,,,
1921,3,2,3,4,1,1,1,1,2,1,C,,,,,,,
1922,3,2,3,4,1,1,1,1,2,2,,,,,,,,
1923,3,2,3,4,1,1,1,1,2,3,,,,,,,,
1924,3,2,3,4,1,1,1,1,3,1,C,,,,,,,
1925,3,2,3,4,1,1,1,1,3,2,,,,,,,,
1926,3,2,3,4,1,1,1,1,3,3,,,,,,,,
1927,3,2,3,4,2,1,1,1,1,1,D,,,,,,,
1928,3,2,3,4,2,1,1,1,1,2,,,,,,,,
1929,3,2,3,4,2,1,1,1,1,3,,,,,,,,
1930,3,2,3,4,2,1,1,1,2,1,D,,,,,,,
1931,3,2,3,4,2,1,1,1,2,2,,,,,,,,
1932,3,2,3,4,2,1,1,1,2,3,,,,,,,,
1933,3,2,3,4,2,1,1,1,3,1,D,,,,,,,
1934,3,2,3,4,2,1,1,1,3,2,,,,,,,,
1935,3,2,3,4,2,1,1,1,3,3,,,,,,,,
1936,3,2,3,4,3,1,1,1,1,1,D,,,,,,,
1937,3,2,3,4,3,1,1,1,1,2,,,,,,,,
1938,3,2,3,4,3,1,1,1,1,3,,,,,,,,
1939,3,2,3,4,3,1,1,1,2,1,D,,,,,,,
1940,3,2,3,4,3,1,1,1,2,2,,,,,,,,
1941,3,2,3,4,3,1,1,1,2,3,,,,,,,,
1942,3,2,3,4,3,1,1,1,3,1,D,,,,,,,
1943,3,2,3,4,3,1,1,1,3,2,,,,,,,,
1944,3,2,3,4,3,1,1,1,3,3,,,,,,,,
1945,,,,,,,,,,,,,,,,,,
1946,,,,,,,,,,,792,,,,,,,counts
2000,,,,,,,,,,,,,,,,,,a boundary trcID that separates formal cells from adhoc cells
2471,1,2,2,2,2,1,1,1,1,4,,T,460,nnkgs0,1,2,A,we pivot off of trc0471 and make D_onto=4 (per ontology v1_1c)
3471,1,2,2,2,2,1,1,1,1,5,,T,460,nnkgs0,1,2,A,we pivot off of trc0471 and make D_onto=5 (per ontology v1_1g)
4471,1,2,2,2,2,1,1,1,1,6,,T,460,nnkgs0,1,2,A,we pivot off of trc0471 and make D_onto=6 (per ontology v1_1h)
5471,1,2,2,2,2,1,1,1,1,7,,T,460,nnkgs0,1,2,A,we pivot off of trc0471 and make D_onto=7 (per ontology v1_1i)
6471,1,2,2,2,2,1,1,1,1,8,,T,460,nnkgs0,1,2,A,we pivot off of trc0471 and make D_onto=8 (per ontology v1_1j)
7471,1,2,2,2,2,1,1,1,1,9,,T,460,nnkgs0,1,2,A,we pivot off of trc0471 and make D_onto=9 (per ontology v1_1k)
8471,1,2,2,2,2,1,1,1,1,10,,T,460,nnkgs0,1,2,A,we pivot off of trc0471 and make D_onto=10 (per ontology v1_1e)
9471,1,2,2,2,2,1,1,1,1,11,,T,460,nnkgs0,1,2,A,we pivot off of trc0471 and make D_onto=11 (per ontology v1_1n)
2470,1,2,2,2,2,1,1,1,1,12,,T,460,nnkgs0,1,2,A,we pivot off of trc0470 and make D_onto=12 (per ontology v1_1p)
3470,1,2,2,2,2,1,1,1,1,13,,T,460,nnkgs0,1,2,A,we pivot off of trc0470 and make D_onto=13 (per ontology v1_1r)
4470,1,2,2,2,2,1,1,1,1,14,,T,460,nnkgs0,1,2,A,we pivot off of trc0470 and make D_onto=14 (per ontology v1_1f)
5470,1,2,2,2,2,1,1,1,1,15,,T,460,nnkgs0,1,2,A,we pivot off of trc0470 and make D_onto=15 (per ontology v1_1d)
6470,1,2,2,2,2,1,1,1,1,16,,T,460,nnkgs0,1,2,A,we pivot off of trc0470 and make D_onto=16 (per ontology v1_1s)
2363,1,2,1,2,2,1,1,1,1,4,,T,352,nnkgs0,1,2,A,we pivot off of trc0363 (ihc_1) and make D_onto=4 (per ontology v1_1c)
3363,1,2,1,2,2,1,1,1,1,5,,T,352,nnkgs0,1,2,A,we pivot off of trc0363 (ihc_1) and make D_onto=5 (per ontology v1_1g)
4363,1,2,1,2,2,1,1,1,1,6,,T,352,nnkgs0,1,2,A,we pivot off of trc0363 (ihc_1) and make D_onto=6 (per ontology v1_1h)
5363,1,2,1,2,2,1,1,1,1,7,,T,352,nnkgs0,1,2,A,we pivot off of trc0363 (ihc_1) and make D_onto=7 (per ontology v1_1i)
6363,1,2,1,2,2,1,1,1,1,8,,T,352,nnkgs0,1,2,A,we pivot off of trc0363 (ihc_1) and make D_onto=8 (per ontology v1_1j)
7363,1,2,1,2,2,1,1,1,1,9,,T,352,nnkgs0,1,2,A,we pivot off of trc0363 (ihc_1) and make D_onto=9 (per ontology v1_1k)
3001,1,2,2,2,1,2,1,1,1,1,,T,460,nnkgs1,1,2,A,we copy 0460 and set D_kgS1=2 (per ontology v1_2_disjoint)
3002,1,2,2,2,1,2,1,1,1,1,,T,460,nnkgs1,1,2,A,"an exact copy of 3001; to be used only with the new loss_calculation_mode = 2, which applies semantic loss penalties in a revised way"
3003,1,2,2,2,1,2,1,1,1,1,,T,460,nnkgs1,1,2,A,an exact copy of 3001; to be used with loss_calculation_mode = 1 and hyper parameter lambda = 10
5500,1,2,2,2,2,2,1,1,1,12,,T,460,nnkgs0 + nnkgs1,1,2,A,"a blend of trc2470 (nnkgs0_t09) and trc3001 (nnkgs1), so we can demonstrate that the two KG reasoning strategies can be used in combination"
5502,1,2,2,2,2,2,1,1,1,12,,T,460,nnkgs0 + nnkgs1,1,2,A,"an exact copy of 5500; we use 5502 for Trial 21 where we use treatment t32 = t09 + t23, just the way 5500 is for t30=t09+t21; the only difference with 5502 is that during Step 2 (Training), we use semantic loss penalty application mode 2 rather than 1 (as per t21)."
